task_id,kind,part_or_backmatter,chapter_or_appendix,section_number,title,target_path,source_hint,status,xml_valid,web_build,visual_desktop,visual_narrow,visual_mobile,figures_checked,xref_checked,last_commit,notes
frontmatter-preface,frontmatter,frontmatter,,,Preface,source/frontmatter.ptx,discover in LaTeX source,NOT_STARTED,,,,,,,,,
frontmatter-how-to-read,frontmatter,frontmatter,,,How to Read This Book,source/frontmatter.ptx,discover in LaTeX source,NOT_STARTED,,,,,,,,,
ch01-introduction,chapter-introduction,I,1,,Chapter 1 introduction,source/chapters/ch01-velocity-distance-and-the-first-shape-of-calculus/ch01-velocity-distance-and-the-first-shape-of-calculus.ptx,Chapter-1-draft.txt|Chapter-1-draft.tex|chapter-1-draft.txt|chapter-1.tex,DONE,yes,yes,yes,yes,yes,yes,yes,,Visually verified layout and math formatting.
sec-1-1-the-dashboard-speedometer-and-odometer,section,I,1,1.1,The dashboard: speedometer and odometer,source/chapters/ch01-velocity-distance-and-the-first-shape-of-calculus/sections/sec-1-1-the-dashboard-speedometer-and-odometer.xml,Chapter-1-draft.txt|Chapter-1-draft.tex|chapter-1-draft.txt|chapter-1.tex,DONE,yes,yes,yes,yes,yes,yes,yes,,Visually verified layout and math formatting via workaround.
sec-1-2-constant-velocity-where-slope-and-area-first-meet,section,I,1,1.2,Constant velocity: where slope and area first meet,source/chapters/ch01-velocity-distance-and-the-first-shape-of-calculus/sections/sec-1-2-constant-velocity-where-slope-and-area-first-meet.xml,Chapter-1-draft.txt|Chapter-1-draft.tex|chapter-1-draft.txt|chapter-1.tex,DONE,yes,yes,yes,yes,yes,yes,yes,,Visually verified layout and math formatting via workaround.
sec-1-3-forward-backward-and-signed-motion,section,I,1,1.3,"Forward, backward, and signed motion",source/chapters/ch01-velocity-distance-and-the-first-shape-of-calculus/sections/sec-1-3-forward-backward-and-signed-motion.xml,Chapter-1-draft.txt|Chapter-1-draft.tex|chapter-1-draft.txt|chapter-1.tex,DONE,yes,yes,yes,yes,yes,yes,yes,,Visually verified layout and math formatting via workaround.
sec-1-4-calculus-without-limits-finite-differences-and-finite-sums,section,I,1,1.4,Calculus without limits: finite differences and finite sums,source/chapters/ch01-velocity-distance-and-the-first-shape-of-calculus/sections/sec-1-4-calculus-without-limits-finite-differences-and-finite-sums.xml,Chapter-1-draft.txt|Chapter-1-draft.tex|chapter-1-draft.txt|chapter-1.tex,DONE,yes,yes,yes,yes,yes,yes,yes,,Visually verified layout and math formatting with visual_qa.py.
sec-1-5-changing-velocity-and-the-need-for-limits,section,I,1,1.5,Changing velocity and the need for limits,source/chapters/ch01-velocity-distance-and-the-first-shape-of-calculus/sections/sec-1-5-changing-velocity-and-the-need-for-limits.xml,Chapter-1-draft.txt|Chapter-1-draft.tex|chapter-1-draft.txt|chapter-1.tex,DONE,yes,yes,yes,yes,yes,yes,yes,,Visually verified layout and math formatting with visual_qa.py.
sec-1-6-a-first-map-of-the-book,section,I,1,1.6,A first map of the book,source/chapters/ch01-velocity-distance-and-the-first-shape-of-calculus/sections/sec-1-6-a-first-map-of-the-book.xml,Chapter-1-draft.txt|Chapter-1-draft.tex|chapter-1-draft.txt|chapter-1.tex,DONE,yes,yes,yes,yes,yes,yes,yes,,Visually verified layout and math formatting with visual_qa.py.
sec-1-7-discovery-problems-and-projects,section,I,1,1.7,Discovery problems and projects,source/chapters/ch01-velocity-distance-and-the-first-shape-of-calculus/sections/sec-1-7-discovery-problems-and-projects.xml,Chapter-1-draft.txt|Chapter-1-draft.tex|chapter-1-draft.txt|chapter-1.tex,DONE,yes,yes,yes,yes,yes,yes,yes,,Visually verified layout and math formatting with visual_qa.py.
ch02-introduction,chapter-introduction,I,2,,Chapter 2 introduction,source/chapters/ch02-numbers-functions-and-models/ch02-numbers-functions-and-models.ptx,Chapter-2-draft.txt|Chapter-2-draft.tex|chapter-2-draft.txt|chapter-2.tex,NOT_STARTED,,,,,,,,,
sec-2-1-the-real-line-and-intervals,section,I,2,2.1,The real line and intervals,source/chapters/ch02-numbers-functions-and-models/sections/sec-2-1-the-real-line-and-intervals.xml,Chapter-2-draft.txt|Chapter-2-draft.tex|chapter-2-draft.txt|chapter-2.tex,NOT_STARTED,,,,,,,,,
sec-2-2-completeness-and-the-idea-of-no-gaps,section,I,2,2.2,Completeness and the idea of no gaps,source/chapters/ch02-numbers-functions-and-models/sections/sec-2-2-completeness-and-the-idea-of-no-gaps.xml,Chapter-2-draft.txt|Chapter-2-draft.tex|chapter-2-draft.txt|chapter-2.tex,NOT_STARTED,,,,,,,,,
sec-2-3-functions-as-assignments,section,I,2,2.3,Functions as assignments,source/chapters/ch02-numbers-functions-and-models/sections/sec-2-3-functions-as-assignments.xml,Chapter-2-draft.txt|Chapter-2-draft.tex|chapter-2-draft.txt|chapter-2.tex,NOT_STARTED,,,,,,,,,
sec-2-4-graphs-and-transformations,section,I,2,2.4,Graphs and transformations,source/chapters/ch02-numbers-functions-and-models/sections/sec-2-4-graphs-and-transformations.xml,Chapter-2-draft.txt|Chapter-2-draft.tex|chapter-2-draft.txt|chapter-2.tex,NOT_STARTED,,,,,,,,,
sec-2-5-combining-functions,section,I,2,2.5,Combining functions,source/chapters/ch02-numbers-functions-and-models/sections/sec-2-5-combining-functions.xml,Chapter-2-draft.txt|Chapter-2-draft.tex|chapter-2-draft.txt|chapter-2.tex,NOT_STARTED,,,,,,,,,
sec-2-6-a-catalog-of-essential-functions,section,I,2,2.6,A catalog of essential functions,source/chapters/ch02-numbers-functions-and-models/sections/sec-2-6-a-catalog-of-essential-functions.xml,Chapter-2-draft.txt|Chapter-2-draft.tex|chapter-2-draft.txt|chapter-2.tex,NOT_STARTED,,,,,,,,,
sec-2-7-models-before-calculus,section,I,2,2.7,Models before calculus,source/chapters/ch02-numbers-functions-and-models/sections/sec-2-7-models-before-calculus.xml,Chapter-2-draft.txt|Chapter-2-draft.tex|chapter-2-draft.txt|chapter-2.tex,NOT_STARTED,,,,,,,,,
sec-2-8-technology-and-graphs,section,I,2,2.8,Technology and graphs,source/chapters/ch02-numbers-functions-and-models/sections/sec-2-8-technology-and-graphs.xml,Chapter-2-draft.txt|Chapter-2-draft.tex|chapter-2-draft.txt|chapter-2.tex,NOT_STARTED,,,,,,,,,
sec-2-9-chapter-review-and-discovery-problems,section,I,2,2.9,Chapter review and discovery problems,source/chapters/ch02-numbers-functions-and-models/sections/sec-2-9-chapter-review-and-discovery-problems.xml,Chapter-2-draft.txt|Chapter-2-draft.tex|chapter-2-draft.txt|chapter-2.tex,NOT_STARTED,,,,,,,,,
ch03-introduction,chapter-introduction,II,3,,Chapter 3 introduction,source/chapters/ch03-limits-and-continuity/ch03-limits-and-continuity.ptx,chapter-3-draft.txt|Chapter-3-draft.txt|chapter-3-draft.tex|chapter-3.tex,NOT_STARTED,,,,,,,,,
sec-3-1-limits-from-motion-and-approximation,section,II,3,3.1,Limits from motion and approximation,source/chapters/ch03-limits-and-continuity/sections/sec-3-1-limits-from-motion-and-approximation.xml,chapter-3-draft.txt|Chapter-3-draft.txt|chapter-3-draft.tex|chapter-3.tex,NOT_STARTED,,,,,,,,,
sec-3-2-calculating-limits,section,II,3,3.2,Calculating limits,source/chapters/ch03-limits-and-continuity/sections/sec-3-2-calculating-limits.xml,chapter-3-draft.txt|Chapter-3-draft.txt|chapter-3-draft.tex|chapter-3.tex,NOT_STARTED,,,,,,,,,
sec-3-3-one-sided-limits-and-infinite-behavior,section,II,3,3.3,One-sided limits and infinite behavior,source/chapters/ch03-limits-and-continuity/sections/sec-3-3-one-sided-limits-and-infinite-behavior.xml,chapter-3-draft.txt|Chapter-3-draft.txt|chapter-3-draft.tex|chapter-3.tex,NOT_STARTED,,,,,,,,,
sec-3-4-the-precise-definition-of-a-limit,section,II,3,3.4,The precise definition of a limit,source/chapters/ch03-limits-and-continuity/sections/sec-3-4-the-precise-definition-of-a-limit.xml,chapter-3-draft.txt|Chapter-3-draft.txt|chapter-3-draft.tex|chapter-3.tex,NOT_STARTED,,,,,,,,,
sec-3-5-continuity,section,II,3,3.5,Continuity,source/chapters/ch03-limits-and-continuity/sections/sec-3-5-continuity.xml,chapter-3-draft.txt|Chapter-3-draft.txt|chapter-3-draft.tex|chapter-3.tex,NOT_STARTED,,,,,,,,,
sec-3-6-two-theorems-about-continuous-functions,section,II,3,3.6,Two theorems about continuous functions,source/chapters/ch03-limits-and-continuity/sections/sec-3-6-two-theorems-about-continuous-functions.xml,chapter-3-draft.txt|Chapter-3-draft.txt|chapter-3-draft.tex|chapter-3.tex,NOT_STARTED,,,,,,,,,
sec-3-7-warning-examples,section,II,3,3.7,Warning examples,source/chapters/ch03-limits-and-continuity/sections/sec-3-7-warning-examples.xml,chapter-3-draft.txt|Chapter-3-draft.txt|chapter-3-draft.tex|chapter-3.tex,NOT_STARTED,,,,,,,,,
sec-3-8-sequences-as-limits-indexed-by-whole-numbers,section,II,3,3.8,Sequences as limits indexed by whole numbers,source/chapters/ch03-limits-and-continuity/sections/sec-3-8-sequences-as-limits-indexed-by-whole-numbers.xml,chapter-3-draft.txt|Chapter-3-draft.txt|chapter-3-draft.tex|chapter-3.tex,NOT_STARTED,,,,,,,,,
sec-3-9-chapter-review-and-discovery-problems,section,II,3,3.9,Chapter review and discovery problems,source/chapters/ch03-limits-and-continuity/sections/sec-3-9-chapter-review-and-discovery-problems.xml,chapter-3-draft.txt|Chapter-3-draft.txt|chapter-3-draft.tex|chapter-3.tex,NOT_STARTED,,,,,,,,,
ch04-introduction,chapter-introduction,II,4,,Chapter 4 introduction,source/chapters/ch04-the-derivative/ch04-the-derivative.ptx,Chapter-4-draft.txt|Chapter-4-draft.tex|chapter-4.tex,NOT_STARTED,,,,,,,,,
sec-4-1-average-rate-of-change,section,II,4,4.1,Average rate of change,source/chapters/ch04-the-derivative/sections/sec-4-1-average-rate-of-change.xml,Chapter-4-draft.txt|Chapter-4-draft.tex|chapter-4.tex,NOT_STARTED,,,,,,,,,
sec-4-2-instantaneous-rate-of-change,section,II,4,4.2,Instantaneous rate of change,source/chapters/ch04-the-derivative/sections/sec-4-2-instantaneous-rate-of-change.xml,Chapter-4-draft.txt|Chapter-4-draft.tex|chapter-4.tex,NOT_STARTED,,,,,,,,,
sec-4-3-the-derivative-as-a-function,section,II,4,4.3,The derivative as a function,source/chapters/ch04-the-derivative/sections/sec-4-3-the-derivative-as-a-function.xml,Chapter-4-draft.txt|Chapter-4-draft.tex|chapter-4.tex,NOT_STARTED,,,,,,,,,
sec-4-4-local-linear-approximation,section,II,4,4.4,Local linear approximation,source/chapters/ch04-the-derivative/sections/sec-4-4-local-linear-approximation.xml,Chapter-4-draft.txt|Chapter-4-draft.tex|chapter-4.tex,NOT_STARTED,,,,,,,,,
sec-4-5-differentiability-and-continuity,section,II,4,4.5,Differentiability and continuity,source/chapters/ch04-the-derivative/sections/sec-4-5-differentiability-and-continuity.xml,Chapter-4-draft.txt|Chapter-4-draft.tex|chapter-4.tex,NOT_STARTED,,,,,,,,,
sec-4-6-first-derivative-formulas,section,II,4,4.6,First derivative formulas,source/chapters/ch04-the-derivative/sections/sec-4-6-first-derivative-formulas.xml,Chapter-4-draft.txt|Chapter-4-draft.tex|chapter-4.tex,NOT_STARTED,,,,,,,,,
sec-4-7-motion-revisited,section,II,4,4.7,Motion revisited,source/chapters/ch04-the-derivative/sections/sec-4-7-motion-revisited.xml,Chapter-4-draft.txt|Chapter-4-draft.tex|chapter-4.tex,NOT_STARTED,,,,,,,,,
sec-4-8-warning-examples,section,II,4,4.8,Warning examples,source/chapters/ch04-the-derivative/sections/sec-4-8-warning-examples.xml,Chapter-4-draft.txt|Chapter-4-draft.tex|chapter-4.tex,NOT_STARTED,,,,,,,,,
sec-4-9-chapter-review-and-discovery-problems,section,II,4,4.9,Chapter review and discovery problems,source/chapters/ch04-the-derivative/sections/sec-4-9-chapter-review-and-discovery-problems.xml,Chapter-4-draft.txt|Chapter-4-draft.tex|chapter-4.tex,NOT_STARTED,,,,,,,,,
ch05-introduction,chapter-introduction,II,5,,Chapter 5 introduction,source/chapters/ch05-differentiation-rules-and-elementary-functions/ch05-differentiation-rules-and-elementary-functions.ptx,Chapter-5-draft.txt|Chapter-5-draft.tex|chapter-5.tex,NOT_STARTED,,,,,,,,,
sec-5-1-the-algebra-of-derivatives,section,II,5,5.1,The algebra of derivatives,source/chapters/ch05-differentiation-rules-and-elementary-functions/sections/sec-5-1-the-algebra-of-derivatives.xml,Chapter-5-draft.txt|Chapter-5-draft.tex|chapter-5.tex,NOT_STARTED,,,,,,,,,
sec-5-2-product-and-quotient-rules,section,II,5,5.2,Product and quotient rules,source/chapters/ch05-differentiation-rules-and-elementary-functions/sections/sec-5-2-product-and-quotient-rules.xml,Chapter-5-draft.txt|Chapter-5-draft.tex|chapter-5.tex,NOT_STARTED,,,,,,,,,
sec-5-3-the-chain-rule,section,II,5,5.3,The chain rule,source/chapters/ch05-differentiation-rules-and-elementary-functions/sections/sec-5-3-the-chain-rule.xml,Chapter-5-draft.txt|Chapter-5-draft.tex|chapter-5.tex,NOT_STARTED,,,,,,,,,
sec-5-4-implicit-differentiation,section,II,5,5.4,Implicit differentiation,source/chapters/ch05-differentiation-rules-and-elementary-functions/sections/sec-5-4-implicit-differentiation.xml,Chapter-5-draft.txt|Chapter-5-draft.tex|chapter-5.tex,NOT_STARTED,,,,,,,,,
sec-5-5-derivatives-of-trigonometric-functions,section,II,5,5.5,Derivatives of trigonometric functions,source/chapters/ch05-differentiation-rules-and-elementary-functions/sections/sec-5-5-derivatives-of-trigonometric-functions.xml,Chapter-5-draft.txt|Chapter-5-draft.tex|chapter-5.tex,NOT_STARTED,,,,,,,,,
sec-5-6-derivatives-of-exponential-and-logarithmic-functions,section,II,5,5.6,Derivatives of exponential and logarithmic functions,source/chapters/ch05-differentiation-rules-and-elementary-functions/sections/sec-5-6-derivatives-of-exponential-and-logarithmic-functions.xml,Chapter-5-draft.txt|Chapter-5-draft.tex|chapter-5.tex,NOT_STARTED,,,,,,,,,
sec-5-7-inverse-functions-and-inverse-trigonometric-functions,section,II,5,5.7,Inverse functions and inverse trigonometric functions,source/chapters/ch05-differentiation-rules-and-elementary-functions/sections/sec-5-7-inverse-functions-and-inverse-trigonometric-functions.xml,Chapter-5-draft.txt|Chapter-5-draft.tex|chapter-5.tex,NOT_STARTED,,,,,,,,,
sec-5-8-general-power-rule-and-hyperbolic-functions,section,II,5,5.8,General power rule and hyperbolic functions,source/chapters/ch05-differentiation-rules-and-elementary-functions/sections/sec-5-8-general-power-rule-and-hyperbolic-functions.xml,Chapter-5-draft.txt|Chapter-5-draft.tex|chapter-5.tex,NOT_STARTED,,,,,,,,,
sec-5-9-warning-examples,section,II,5,5.9,Warning examples,source/chapters/ch05-differentiation-rules-and-elementary-functions/sections/sec-5-9-warning-examples.xml,Chapter-5-draft.txt|Chapter-5-draft.tex|chapter-5.tex,NOT_STARTED,,,,,,,,,
sec-5-10-chapter-review-and-discovery-problems,section,II,5,5.10,Chapter review and discovery problems,source/chapters/ch05-differentiation-rules-and-elementary-functions/sections/sec-5-10-chapter-review-and-discovery-problems.xml,Chapter-5-draft.txt|Chapter-5-draft.tex|chapter-5.tex,NOT_STARTED,,,,,,,,,
ch06-introduction,chapter-introduction,III,6,,Chapter 6 introduction,source/chapters/ch06-shape-extremes-and-the-mean-value-theorem/ch06-shape-extremes-and-the-mean-value-theorem.ptx,Chapter-6-draft.txt|Chapter-6-draft.tex|chapter-6.tex,NOT_STARTED,,,,,,,,,
sec-6-1-increasing-and-decreasing-functions,section,III,6,6.1,Increasing and decreasing functions,source/chapters/ch06-shape-extremes-and-the-mean-value-theorem/sections/sec-6-1-increasing-and-decreasing-functions.xml,Chapter-6-draft.txt|Chapter-6-draft.tex|chapter-6.tex,NOT_STARTED,,,,,,,,,
sec-6-2-local-and-absolute-extrema,section,III,6,6.2,Local and absolute extrema,source/chapters/ch06-shape-extremes-and-the-mean-value-theorem/sections/sec-6-2-local-and-absolute-extrema.xml,Chapter-6-draft.txt|Chapter-6-draft.tex|chapter-6.tex,NOT_STARTED,,,,,,,,,
sec-6-3-rolle-s-theorem-and-the-mean-value-theorem,section,III,6,6.3,Rolle's Theorem and the Mean Value Theorem,source/chapters/ch06-shape-extremes-and-the-mean-value-theorem/sections/sec-6-3-rolle-s-theorem-and-the-mean-value-theorem.xml,Chapter-6-draft.txt|Chapter-6-draft.tex|chapter-6.tex,NOT_STARTED,,,,,,,,,
sec-6-4-concavity-and-second-derivatives,section,III,6,6.4,Concavity and second derivatives,source/chapters/ch06-shape-extremes-and-the-mean-value-theorem/sections/sec-6-4-concavity-and-second-derivatives.xml,Chapter-6-draft.txt|Chapter-6-draft.tex|chapter-6.tex,NOT_STARTED,,,,,,,,,
sec-6-5-graph-sketching-with-calculus,section,III,6,6.5,Graph sketching with calculus,source/chapters/ch06-shape-extremes-and-the-mean-value-theorem/sections/sec-6-5-graph-sketching-with-calculus.xml,Chapter-6-draft.txt|Chapter-6-draft.tex|chapter-6.tex,NOT_STARTED,,,,,,,,,
sec-6-6-indeterminate-forms-and-l-hospital-s-rule,section,III,6,6.6,Indeterminate forms and l'Hospital's Rule,source/chapters/ch06-shape-extremes-and-the-mean-value-theorem/sections/sec-6-6-indeterminate-forms-and-l-hospital-s-rule.xml,Chapter-6-draft.txt|Chapter-6-draft.tex|chapter-6.tex,NOT_STARTED,,,,,,,,,
sec-6-7-warning-examples,section,III,6,6.7,Warning examples,source/chapters/ch06-shape-extremes-and-the-mean-value-theorem/sections/sec-6-7-warning-examples.xml,Chapter-6-draft.txt|Chapter-6-draft.tex|chapter-6.tex,NOT_STARTED,,,,,,,,,
sec-6-8-chapter-review-and-discovery-problems,section,III,6,6.8,Chapter review and discovery problems,source/chapters/ch06-shape-extremes-and-the-mean-value-theorem/sections/sec-6-8-chapter-review-and-discovery-problems.xml,Chapter-6-draft.txt|Chapter-6-draft.tex|chapter-6.tex,NOT_STARTED,,,,,,,,,
ch07-introduction,chapter-introduction,III,7,,Chapter 7 introduction,source/chapters/ch07-optimization-related-rates-and-models/ch07-optimization-related-rates-and-models.ptx,Chapter-7-draft.txt|Chapter-7-draft.tex|chapter-7.tex,NOT_STARTED,,,,,,,,,
sec-7-1-related-rates,section,III,7,7.1,Related rates,source/chapters/ch07-optimization-related-rates-and-models/sections/sec-7-1-related-rates.xml,Chapter-7-draft.txt|Chapter-7-draft.tex|chapter-7.tex,NOT_STARTED,,,,,,,,,
sec-7-2-optimization-problems,section,III,7,7.2,Optimization problems,source/chapters/ch07-optimization-related-rates-and-models/sections/sec-7-2-optimization-problems.xml,Chapter-7-draft.txt|Chapter-7-draft.tex|chapter-7.tex,NOT_STARTED,,,,,,,,,
sec-7-3-linear-approximation-in-applications,section,III,7,7.3,Linear approximation in applications,source/chapters/ch07-optimization-related-rates-and-models/sections/sec-7-3-linear-approximation-in-applications.xml,Chapter-7-draft.txt|Chapter-7-draft.tex|chapter-7.tex,NOT_STARTED,,,,,,,,,
sec-7-4-newton-s-method,section,III,7,7.4,Newton's method,source/chapters/ch07-optimization-related-rates-and-models/sections/sec-7-4-newton-s-method.xml,Chapter-7-draft.txt|Chapter-7-draft.tex|chapter-7.tex,NOT_STARTED,,,,,,,,,
sec-7-5-exponential-growth-and-decay,section,III,7,7.5,Exponential growth and decay,source/chapters/ch07-optimization-related-rates-and-models/sections/sec-7-5-exponential-growth-and-decay.xml,Chapter-7-draft.txt|Chapter-7-draft.tex|chapter-7.tex,NOT_STARTED,,,,,,,,,
sec-7-6-logistic-growth-and-limited-resources,section,III,7,7.6,Logistic growth and limited resources,source/chapters/ch07-optimization-related-rates-and-models/sections/sec-7-6-logistic-growth-and-limited-resources.xml,Chapter-7-draft.txt|Chapter-7-draft.tex|chapter-7.tex,NOT_STARTED,,,,,,,,,
sec-7-7-light-time-and-extremal-principles,section,III,7,7.7,"Light, time, and extremal principles",source/chapters/ch07-optimization-related-rates-and-models/sections/sec-7-7-light-time-and-extremal-principles.xml,Chapter-7-draft.txt|Chapter-7-draft.tex|chapter-7.tex,NOT_STARTED,,,,,,,,,
sec-7-8-warning-examples,section,III,7,7.8,Warning examples,source/chapters/ch07-optimization-related-rates-and-models/sections/sec-7-8-warning-examples.xml,Chapter-7-draft.txt|Chapter-7-draft.tex|chapter-7.tex,NOT_STARTED,,,,,,,,,
sec-7-9-chapter-review-and-applications,section,III,7,7.9,Chapter review and applications,source/chapters/ch07-optimization-related-rates-and-models/sections/sec-7-9-chapter-review-and-applications.xml,Chapter-7-draft.txt|Chapter-7-draft.tex|chapter-7.tex,NOT_STARTED,,,,,,,,,
ch08-introduction,chapter-introduction,IV,8,,Chapter 8 introduction,source/chapters/ch08-the-integral-as-accumulation/ch08-the-integral-as-accumulation.ptx,Chapter-8-draft.txt|Chapter-8-draft.tex|chapter-8.tex,NOT_STARTED,,,,,,,,,
sec-8-1-distance-from-velocity,section,IV,8,8.1,Distance from velocity,source/chapters/ch08-the-integral-as-accumulation/sections/sec-8-1-distance-from-velocity.xml,Chapter-8-draft.txt|Chapter-8-draft.tex|chapter-8.tex,NOT_STARTED,,,,,,,,,
sec-8-2-area-under-a-graph,section,IV,8,8.2,Area under a graph,source/chapters/ch08-the-integral-as-accumulation/sections/sec-8-2-area-under-a-graph.xml,Chapter-8-draft.txt|Chapter-8-draft.tex|chapter-8.tex,NOT_STARTED,,,,,,,,,
sec-8-3-sigma-notation-and-finite-sums,section,IV,8,8.3,Sigma notation and finite sums,source/chapters/ch08-the-integral-as-accumulation/sections/sec-8-3-sigma-notation-and-finite-sums.xml,Chapter-8-draft.txt|Chapter-8-draft.tex|chapter-8.tex,NOT_STARTED,,,,,,,,,
sec-8-4-the-definite-integral,section,IV,8,8.4,The definite integral,source/chapters/ch08-the-integral-as-accumulation/sections/sec-8-4-the-definite-integral.xml,Chapter-8-draft.txt|Chapter-8-draft.tex|chapter-8.tex,NOT_STARTED,,,,,,,,,
sec-8-5-signed-area-and-net-change,section,IV,8,8.5,Signed area and net change,source/chapters/ch08-the-integral-as-accumulation/sections/sec-8-5-signed-area-and-net-change.xml,Chapter-8-draft.txt|Chapter-8-draft.tex|chapter-8.tex,NOT_STARTED,,,,,,,,,
sec-8-6-properties-of-the-integral,section,IV,8,8.6,Properties of the integral,source/chapters/ch08-the-integral-as-accumulation/sections/sec-8-6-properties-of-the-integral.xml,Chapter-8-draft.txt|Chapter-8-draft.tex|chapter-8.tex,NOT_STARTED,,,,,,,,,
sec-8-7-existence-of-integrals,section,IV,8,8.7,Existence of integrals,source/chapters/ch08-the-integral-as-accumulation/sections/sec-8-7-existence-of-integrals.xml,Chapter-8-draft.txt|Chapter-8-draft.tex|chapter-8.tex,NOT_STARTED,,,,,,,,,
sec-8-8-chapter-review-and-discovery-problems,section,IV,8,8.8,Chapter review and discovery problems,source/chapters/ch08-the-integral-as-accumulation/sections/sec-8-8-chapter-review-and-discovery-problems.xml,Chapter-8-draft.txt|Chapter-8-draft.tex|chapter-8.tex,NOT_STARTED,,,,,,,,,
ch09-introduction,chapter-introduction,IV,9,,Chapter 9 introduction,source/chapters/ch09-the-fundamental-theorem-of-calculus/ch09-the-fundamental-theorem-of-calculus.ptx,Chapter-9-draft.txt|Chapter-9-draft.tex|chapter-9.tex,NOT_STARTED,,,,,,,,,
sec-9-1-accumulation-functions,section,IV,9,9.1,Accumulation functions,source/chapters/ch09-the-fundamental-theorem-of-calculus/sections/sec-9-1-accumulation-functions.xml,Chapter-9-draft.txt|Chapter-9-draft.tex|chapter-9.tex,NOT_STARTED,,,,,,,,,
sec-9-2-fundamental-theorem-part-i,section,IV,9,9.2,"Fundamental Theorem, Part I",source/chapters/ch09-the-fundamental-theorem-of-calculus/sections/sec-9-2-fundamental-theorem-part-i.xml,Chapter-9-draft.txt|Chapter-9-draft.tex|chapter-9.tex,NOT_STARTED,,,,,,,,,
sec-9-3-fundamental-theorem-part-ii,section,IV,9,9.3,"Fundamental Theorem, Part II",source/chapters/ch09-the-fundamental-theorem-of-calculus/sections/sec-9-3-fundamental-theorem-part-ii.xml,Chapter-9-draft.txt|Chapter-9-draft.tex|chapter-9.tex,NOT_STARTED,,,,,,,,,
sec-9-4-indefinite-integrals,section,IV,9,9.4,Indefinite integrals,source/chapters/ch09-the-fundamental-theorem-of-calculus/sections/sec-9-4-indefinite-integrals.xml,Chapter-9-draft.txt|Chapter-9-draft.tex|chapter-9.tex,NOT_STARTED,,,,,,,,,
sec-9-5-substitution,section,IV,9,9.5,Substitution,source/chapters/ch09-the-fundamental-theorem-of-calculus/sections/sec-9-5-substitution.xml,Chapter-9-draft.txt|Chapter-9-draft.tex|chapter-9.tex,NOT_STARTED,,,,,,,,,
sec-9-6-differential-notation-and-oriented-length,section,IV,9,9.6,Differential notation and oriented length,source/chapters/ch09-the-fundamental-theorem-of-calculus/sections/sec-9-6-differential-notation-and-oriented-length.xml,Chapter-9-draft.txt|Chapter-9-draft.tex|chapter-9.tex,NOT_STARTED,,,,,,,,,
sec-9-7-warning-examples,section,IV,9,9.7,Warning examples,source/chapters/ch09-the-fundamental-theorem-of-calculus/sections/sec-9-7-warning-examples.xml,Chapter-9-draft.txt|Chapter-9-draft.tex|chapter-9.tex,NOT_STARTED,,,,,,,,,
sec-9-8-chapter-review-and-discovery-problems,section,IV,9,9.8,Chapter review and discovery problems,source/chapters/ch09-the-fundamental-theorem-of-calculus/sections/sec-9-8-chapter-review-and-discovery-problems.xml,Chapter-9-draft.txt|Chapter-9-draft.tex|chapter-9.tex,NOT_STARTED,,,,,,,,,
ch10-introduction,chapter-introduction,V,10,,Chapter 10 introduction,source/chapters/ch10-what-integrals-measure/ch10-what-integrals-measure.ptx,Chapter-10-draft.txt|Chapter-10-draft.tex|chapter-10.tex,NOT_STARTED,,,,,,,,,
sec-10-1-area-between-curves,section,V,10,10.1,Area between curves,source/chapters/ch10-what-integrals-measure/sections/sec-10-1-area-between-curves.xml,Chapter-10-draft.txt|Chapter-10-draft.tex|chapter-10.tex,NOT_STARTED,,,,,,,,,
sec-10-2-volumes-by-slicing,section,V,10,10.2,Volumes by slicing,source/chapters/ch10-what-integrals-measure/sections/sec-10-2-volumes-by-slicing.xml,Chapter-10-draft.txt|Chapter-10-draft.tex|chapter-10.tex,NOT_STARTED,,,,,,,,,
sec-10-3-cylindrical-shells,section,V,10,10.3,Cylindrical shells,source/chapters/ch10-what-integrals-measure/sections/sec-10-3-cylindrical-shells.xml,Chapter-10-draft.txt|Chapter-10-draft.tex|chapter-10.tex,NOT_STARTED,,,,,,,,,
sec-10-4-mass-density-and-center-of-mass,section,V,10,10.4,"Mass, density, and center of mass",source/chapters/ch10-what-integrals-measure/sections/sec-10-4-mass-density-and-center-of-mass.xml,Chapter-10-draft.txt|Chapter-10-draft.tex|chapter-10.tex,NOT_STARTED,,,,,,,,,
sec-10-5-work-and-energy,section,V,10,10.5,Work and energy,source/chapters/ch10-what-integrals-measure/sections/sec-10-5-work-and-energy.xml,Chapter-10-draft.txt|Chapter-10-draft.tex|chapter-10.tex,NOT_STARTED,,,,,,,,,
sec-10-6-hydrostatic-force,section,V,10,10.6,Hydrostatic force,source/chapters/ch10-what-integrals-measure/sections/sec-10-6-hydrostatic-force.xml,Chapter-10-draft.txt|Chapter-10-draft.tex|chapter-10.tex,NOT_STARTED,,,,,,,,,
sec-10-7-average-value-and-probability,section,V,10,10.7,Average value and probability,source/chapters/ch10-what-integrals-measure/sections/sec-10-7-average-value-and-probability.xml,Chapter-10-draft.txt|Chapter-10-draft.tex|chapter-10.tex,NOT_STARTED,,,,,,,,,
sec-10-8-arc-length-and-surface-area-of-revolution,section,V,10,10.8,Arc length and surface area of revolution,source/chapters/ch10-what-integrals-measure/sections/sec-10-8-arc-length-and-surface-area-of-revolution.xml,Chapter-10-draft.txt|Chapter-10-draft.tex|chapter-10.tex,NOT_STARTED,,,,,,,,,
sec-10-9-chapter-review-and-applications,section,V,10,10.9,Chapter review and applications,source/chapters/ch10-what-integrals-measure/sections/sec-10-9-chapter-review-and-applications.xml,Chapter-10-draft.txt|Chapter-10-draft.tex|chapter-10.tex,NOT_STARTED,,,,,,,,,
ch11-introduction,chapter-introduction,V,11,,Chapter 11 introduction,source/chapters/ch11-techniques-of-integration/ch11-techniques-of-integration.ptx,Chapter-11-draft.txt|Chapter-11-draft.tex|chapter-11.tex,NOT_STARTED,,,,,,,,,
sec-11-1-integration-by-parts,section,V,11,11.1,Integration by parts,source/chapters/ch11-techniques-of-integration/sections/sec-11-1-integration-by-parts.xml,Chapter-11-draft.txt|Chapter-11-draft.tex|chapter-11.tex,NOT_STARTED,,,,,,,,,
sec-11-2-trigonometric-integrals,section,V,11,11.2,Trigonometric integrals,source/chapters/ch11-techniques-of-integration/sections/sec-11-2-trigonometric-integrals.xml,Chapter-11-draft.txt|Chapter-11-draft.tex|chapter-11.tex,NOT_STARTED,,,,,,,,,
sec-11-3-trigonometric-substitution,section,V,11,11.3,Trigonometric substitution,source/chapters/ch11-techniques-of-integration/sections/sec-11-3-trigonometric-substitution.xml,Chapter-11-draft.txt|Chapter-11-draft.tex|chapter-11.tex,NOT_STARTED,,,,,,,,,
sec-11-4-rational-functions-and-partial-fractions,section,V,11,11.4,Rational functions and partial fractions,source/chapters/ch11-techniques-of-integration/sections/sec-11-4-rational-functions-and-partial-fractions.xml,Chapter-11-draft.txt|Chapter-11-draft.tex|chapter-11.tex,NOT_STARTED,,,,,,,,,
sec-11-5-strategy-for-integration,section,V,11,11.5,Strategy for integration,source/chapters/ch11-techniques-of-integration/sections/sec-11-5-strategy-for-integration.xml,Chapter-11-draft.txt|Chapter-11-draft.tex|chapter-11.tex,NOT_STARTED,,,,,,,,,
sec-11-6-computer-algebra-systems-and-integral-tables,section,V,11,11.6,Computer algebra systems and integral tables,source/chapters/ch11-techniques-of-integration/sections/sec-11-6-computer-algebra-systems-and-integral-tables.xml,Chapter-11-draft.txt|Chapter-11-draft.tex|chapter-11.tex,NOT_STARTED,,,,,,,,,
sec-11-7-improper-integrals,section,V,11,11.7,Improper integrals,source/chapters/ch11-techniques-of-integration/sections/sec-11-7-improper-integrals.xml,Chapter-11-draft.txt|Chapter-11-draft.tex|chapter-11.tex,NOT_STARTED,,,,,,,,,
sec-11-8-warning-examples,section,V,11,11.8,Warning examples,source/chapters/ch11-techniques-of-integration/sections/sec-11-8-warning-examples.xml,Chapter-11-draft.txt|Chapter-11-draft.tex|chapter-11.tex,NOT_STARTED,,,,,,,,,
sec-11-9-chapter-review-and-discovery-problems,section,V,11,11.9,Chapter review and discovery problems,source/chapters/ch11-techniques-of-integration/sections/sec-11-9-chapter-review-and-discovery-problems.xml,Chapter-11-draft.txt|Chapter-11-draft.tex|chapter-11.tex,NOT_STARTED,,,,,,,,,
ch12-introduction,chapter-introduction,V,12,,Chapter 12 introduction,source/chapters/ch12-numerical-integration-error-and-computation/ch12-numerical-integration-error-and-computation.ptx,Chapter-12-draft.txt|Chapter-12-draft.tex|chapter-12.tex,NOT_STARTED,,,,,,,,,
sec-12-1-why-approximate-integrals,section,V,12,12.1,Why approximate integrals?,source/chapters/ch12-numerical-integration-error-and-computation/sections/sec-12-1-why-approximate-integrals.xml,Chapter-12-draft.txt|Chapter-12-draft.tex|chapter-12.tex,NOT_STARTED,,,,,,,,,
sec-12-2-midpoint-and-trapezoidal-rules,section,V,12,12.2,Midpoint and trapezoidal rules,source/chapters/ch12-numerical-integration-error-and-computation/sections/sec-12-2-midpoint-and-trapezoidal-rules.xml,Chapter-12-draft.txt|Chapter-12-draft.tex|chapter-12.tex,NOT_STARTED,,,,,,,,,
sec-12-3-simpson-s-rule,section,V,12,12.3,Simpson's Rule,source/chapters/ch12-numerical-integration-error-and-computation/sections/sec-12-3-simpson-s-rule.xml,Chapter-12-draft.txt|Chapter-12-draft.tex|chapter-12.tex,NOT_STARTED,,,,,,,,,
sec-12-4-numerical-differentiation,section,V,12,12.4,Numerical differentiation,source/chapters/ch12-numerical-integration-error-and-computation/sections/sec-12-4-numerical-differentiation.xml,Chapter-12-draft.txt|Chapter-12-draft.tex|chapter-12.tex,NOT_STARTED,,,,,,,,,
sec-12-5-newton-s-method-revisited,section,V,12,12.5,Newton's method revisited,source/chapters/ch12-numerical-integration-error-and-computation/sections/sec-12-5-newton-s-method-revisited.xml,Chapter-12-draft.txt|Chapter-12-draft.tex|chapter-12.tex,NOT_STARTED,,,,,,,,,
sec-12-6-computing-experiments,section,V,12,12.6,Computing experiments,source/chapters/ch12-numerical-integration-error-and-computation/sections/sec-12-6-computing-experiments.xml,Chapter-12-draft.txt|Chapter-12-draft.tex|chapter-12.tex,NOT_STARTED,,,,,,,,,
sec-12-7-chapter-review-and-discovery-problems,section,V,12,12.7,Chapter review and discovery problems,source/chapters/ch12-numerical-integration-error-and-computation/sections/sec-12-7-chapter-review-and-discovery-problems.xml,Chapter-12-draft.txt|Chapter-12-draft.tex|chapter-12.tex,NOT_STARTED,,,,,,,,,
ch13-introduction,chapter-introduction,VI,13,,Chapter 13 introduction,source/chapters/ch13-differential-equations-laws-written-as-derivatives/ch13-differential-equations-laws-written-as-derivatives.ptx,Chapter-13.txt|Chapter-13.tex|chapter-13.tex,NOT_STARTED,,,,,,,,,
sec-13-1-modeling-with-differential-equations,section,VI,13,13.1,Modeling with differential equations,source/chapters/ch13-differential-equations-laws-written-as-derivatives/sections/sec-13-1-modeling-with-differential-equations.xml,Chapter-13.txt|Chapter-13.tex|chapter-13.tex,NOT_STARTED,,,,,,,,,
sec-13-2-direction-fields,section,VI,13,13.2,Direction fields,source/chapters/ch13-differential-equations-laws-written-as-derivatives/sections/sec-13-2-direction-fields.xml,Chapter-13.txt|Chapter-13.tex|chapter-13.tex,NOT_STARTED,,,,,,,,,
sec-13-3-euler-s-method,section,VI,13,13.3,Euler's method,source/chapters/ch13-differential-equations-laws-written-as-derivatives/sections/sec-13-3-euler-s-method.xml,Chapter-13.txt|Chapter-13.tex|chapter-13.tex,NOT_STARTED,,,,,,,,,
sec-13-4-separable-equations,section,VI,13,13.4,Separable equations,source/chapters/ch13-differential-equations-laws-written-as-derivatives/sections/sec-13-4-separable-equations.xml,Chapter-13.txt|Chapter-13.tex|chapter-13.tex,NOT_STARTED,,,,,,,,,
sec-13-5-logistic-and-threshold-models,section,VI,13,13.5,Logistic and threshold models,source/chapters/ch13-differential-equations-laws-written-as-derivatives/sections/sec-13-5-logistic-and-threshold-models.xml,Chapter-13.txt|Chapter-13.tex|chapter-13.tex,NOT_STARTED,,,,,,,,,
sec-13-6-first-order-linear-equations,section,VI,13,13.6,First-order linear equations,source/chapters/ch13-differential-equations-laws-written-as-derivatives/sections/sec-13-6-first-order-linear-equations.xml,Chapter-13.txt|Chapter-13.tex|chapter-13.tex,NOT_STARTED,,,,,,,,,
sec-13-7-second-order-equations-and-vibration,section,VI,13,13.7,Second-order equations and vibration,source/chapters/ch13-differential-equations-laws-written-as-derivatives/sections/sec-13-7-second-order-equations-and-vibration.xml,Chapter-13.txt|Chapter-13.tex|chapter-13.tex,NOT_STARTED,,,,,,,,,
sec-13-8-systems-and-interaction-models,section,VI,13,13.8,Systems and interaction models,source/chapters/ch13-differential-equations-laws-written-as-derivatives/sections/sec-13-8-systems-and-interaction-models.xml,Chapter-13.txt|Chapter-13.tex|chapter-13.tex,NOT_STARTED,,,,,,,,,
sec-13-9-warning-examples,section,VI,13,13.9,Warning examples,source/chapters/ch13-differential-equations-laws-written-as-derivatives/sections/sec-13-9-warning-examples.xml,Chapter-13.txt|Chapter-13.tex|chapter-13.tex,NOT_STARTED,,,,,,,,,
sec-13-10-chapter-review-and-applications,section,VI,13,13.10,Chapter review and applications,source/chapters/ch13-differential-equations-laws-written-as-derivatives/sections/sec-13-10-chapter-review-and-applications.xml,Chapter-13.txt|Chapter-13.tex|chapter-13.tex,NOT_STARTED,,,,,,,,,
ch14-introduction,chapter-introduction,VI,14,,Chapter 14 introduction,source/chapters/ch14-parametric-curves-polar-coordinates-and-conics/ch14-parametric-curves-polar-coordinates-and-conics.ptx,Chapter-14.txt|Chapter-14.tex|chapter-14.tex,NOT_STARTED,,,,,,,,,
sec-14-1-parametric-curves,section,VI,14,14.1,Parametric curves,source/chapters/ch14-parametric-curves-polar-coordinates-and-conics/sections/sec-14-1-parametric-curves.xml,Chapter-14.txt|Chapter-14.tex|chapter-14.tex,NOT_STARTED,,,,,,,,,
sec-14-2-calculus-with-parametric-curves,section,VI,14,14.2,Calculus with parametric curves,source/chapters/ch14-parametric-curves-polar-coordinates-and-conics/sections/sec-14-2-calculus-with-parametric-curves.xml,Chapter-14.txt|Chapter-14.tex|chapter-14.tex,NOT_STARTED,,,,,,,,,
sec-14-3-length-and-area-for-parametric-curves,section,VI,14,14.3,Length and area for parametric curves,source/chapters/ch14-parametric-curves-polar-coordinates-and-conics/sections/sec-14-3-length-and-area-for-parametric-curves.xml,Chapter-14.txt|Chapter-14.tex|chapter-14.tex,NOT_STARTED,,,,,,,,,
sec-14-4-polar-coordinates,section,VI,14,14.4,Polar coordinates,source/chapters/ch14-parametric-curves-polar-coordinates-and-conics/sections/sec-14-4-polar-coordinates.xml,Chapter-14.txt|Chapter-14.tex|chapter-14.tex,NOT_STARTED,,,,,,,,,
sec-14-5-calculus-in-polar-coordinates,section,VI,14,14.5,Calculus in polar coordinates,source/chapters/ch14-parametric-curves-polar-coordinates-and-conics/sections/sec-14-5-calculus-in-polar-coordinates.xml,Chapter-14.txt|Chapter-14.tex|chapter-14.tex,NOT_STARTED,,,,,,,,,
sec-14-6-conic-sections,section,VI,14,14.6,Conic sections,source/chapters/ch14-parametric-curves-polar-coordinates-and-conics/sections/sec-14-6-conic-sections.xml,Chapter-14.txt|Chapter-14.tex|chapter-14.tex,NOT_STARTED,,,,,,,,,
sec-14-7-planetary-motion-as-a-capstone,section,VI,14,14.7,Planetary motion as a capstone,source/chapters/ch14-parametric-curves-polar-coordinates-and-conics/sections/sec-14-7-planetary-motion-as-a-capstone.xml,Chapter-14.txt|Chapter-14.tex|chapter-14.tex,NOT_STARTED,,,,,,,,,
sec-14-8-complex-numbers-and-polar-form,section,VI,14,14.8,Complex numbers and polar form,source/chapters/ch14-parametric-curves-polar-coordinates-and-conics/sections/sec-14-8-complex-numbers-and-polar-form.xml,Chapter-14.txt|Chapter-14.tex|chapter-14.tex,NOT_STARTED,,,,,,,,,
sec-14-9-warning-examples,section,VI,14,14.9,Warning examples,source/chapters/ch14-parametric-curves-polar-coordinates-and-conics/sections/sec-14-9-warning-examples.xml,Chapter-14.txt|Chapter-14.tex|chapter-14.tex,NOT_STARTED,,,,,,,,,
sec-14-10-chapter-review-and-projects,section,VI,14,14.10,Chapter review and projects,source/chapters/ch14-parametric-curves-polar-coordinates-and-conics/sections/sec-14-10-chapter-review-and-projects.xml,Chapter-14.txt|Chapter-14.tex|chapter-14.tex,NOT_STARTED,,,,,,,,,
ch15-introduction,chapter-introduction,VII,15,,Chapter 15 introduction,source/chapters/ch15-sequences-and-infinite-series/ch15-sequences-and-infinite-series.ptx,Chapter-15.txt|Chapter-15.tex|chapter-15.tex,NOT_STARTED,,,,,,,,,
sec-15-1-sequences,section,VII,15,15.1,Sequences,source/chapters/ch15-sequences-and-infinite-series/sections/sec-15-1-sequences.xml,Chapter-15.txt|Chapter-15.tex|chapter-15.tex,NOT_STARTED,,,,,,,,,
sec-15-2-infinite-series,section,VII,15,15.2,Infinite series,source/chapters/ch15-sequences-and-infinite-series/sections/sec-15-2-infinite-series.xml,Chapter-15.txt|Chapter-15.tex|chapter-15.tex,NOT_STARTED,,,,,,,,,
sec-15-3-the-harmonic-series-and-first-warnings,section,VII,15,15.3,The harmonic series and first warnings,source/chapters/ch15-sequences-and-infinite-series/sections/sec-15-3-the-harmonic-series-and-first-warnings.xml,Chapter-15.txt|Chapter-15.tex|chapter-15.tex,NOT_STARTED,,,,,,,,,
sec-15-4-positive-series-tests,section,VII,15,15.4,Positive series tests,source/chapters/ch15-sequences-and-infinite-series/sections/sec-15-4-positive-series-tests.xml,Chapter-15.txt|Chapter-15.tex|chapter-15.tex,NOT_STARTED,,,,,,,,,
sec-15-5-alternating-series,section,VII,15,15.5,Alternating series,source/chapters/ch15-sequences-and-infinite-series/sections/sec-15-5-alternating-series.xml,Chapter-15.txt|Chapter-15.tex|chapter-15.tex,NOT_STARTED,,,,,,,,,
sec-15-6-absolute-convergence-and-stronger-tests,section,VII,15,15.6,Absolute convergence and stronger tests,source/chapters/ch15-sequences-and-infinite-series/sections/sec-15-6-absolute-convergence-and-stronger-tests.xml,Chapter-15.txt|Chapter-15.tex|chapter-15.tex,NOT_STARTED,,,,,,,,,
sec-15-7-rearrangement-and-the-danger-of-infinity,section,VII,15,15.7,Rearrangement and the danger of infinity,source/chapters/ch15-sequences-and-infinite-series/sections/sec-15-7-rearrangement-and-the-danger-of-infinity.xml,Chapter-15.txt|Chapter-15.tex|chapter-15.tex,NOT_STARTED,,,,,,,,,
sec-15-8-warning-examples,section,VII,15,15.8,Warning examples,source/chapters/ch15-sequences-and-infinite-series/sections/sec-15-8-warning-examples.xml,Chapter-15.txt|Chapter-15.tex|chapter-15.tex,NOT_STARTED,,,,,,,,,
sec-15-9-chapter-review-and-discovery-problems,section,VII,15,15.9,Chapter review and discovery problems,source/chapters/ch15-sequences-and-infinite-series/sections/sec-15-9-chapter-review-and-discovery-problems.xml,Chapter-15.txt|Chapter-15.tex|chapter-15.tex,NOT_STARTED,,,,,,,,,
ch16-introduction,chapter-introduction,VII,16,,Chapter 16 introduction,source/chapters/ch16-power-series-taylor-polynomials-and-taylor-series/ch16-power-series-taylor-polynomials-and-taylor-series.ptx,Chapter-16.txt|Chapter-16.tex|chapter-16.tex,NOT_STARTED,,,,,,,,,
sec-16-1-power-series,section,VII,16,16.1,Power series,source/chapters/ch16-power-series-taylor-polynomials-and-taylor-series/sections/sec-16-1-power-series.xml,Chapter-16.txt|Chapter-16.tex|chapter-16.tex,NOT_STARTED,,,,,,,,,
sec-16-2-working-with-power-series,section,VII,16,16.2,Working with power series,source/chapters/ch16-power-series-taylor-polynomials-and-taylor-series/sections/sec-16-2-working-with-power-series.xml,Chapter-16.txt|Chapter-16.tex|chapter-16.tex,NOT_STARTED,,,,,,,,,
sec-16-3-representing-functions-by-power-series,section,VII,16,16.3,Representing functions by power series,source/chapters/ch16-power-series-taylor-polynomials-and-taylor-series/sections/sec-16-3-representing-functions-by-power-series.xml,Chapter-16.txt|Chapter-16.tex|chapter-16.tex,NOT_STARTED,,,,,,,,,
sec-16-4-taylor-polynomials,section,VII,16,16.4,Taylor polynomials,source/chapters/ch16-power-series-taylor-polynomials-and-taylor-series/sections/sec-16-4-taylor-polynomials.xml,Chapter-16.txt|Chapter-16.tex|chapter-16.tex,NOT_STARTED,,,,,,,,,
sec-16-5-taylor-s-theorem-and-remainders,section,VII,16,16.5,Taylor's theorem and remainders,source/chapters/ch16-power-series-taylor-polynomials-and-taylor-series/sections/sec-16-5-taylor-s-theorem-and-remainders.xml,Chapter-16.txt|Chapter-16.tex|chapter-16.tex,NOT_STARTED,,,,,,,,,
sec-16-6-taylor-series-for-elementary-functions,section,VII,16,16.6,Taylor series for elementary functions,source/chapters/ch16-power-series-taylor-polynomials-and-taylor-series/sections/sec-16-6-taylor-series-for-elementary-functions.xml,Chapter-16.txt|Chapter-16.tex|chapter-16.tex,NOT_STARTED,,,,,,,,,
sec-16-7-applications-of-taylor-series,section,VII,16,16.7,Applications of Taylor series,source/chapters/ch16-power-series-taylor-polynomials-and-taylor-series/sections/sec-16-7-applications-of-taylor-series.xml,Chapter-16.txt|Chapter-16.tex|chapter-16.tex,NOT_STARTED,,,,,,,,,
sec-16-8-uniform-convergence-preview,section,VII,16,16.8,Uniform convergence preview,source/chapters/ch16-power-series-taylor-polynomials-and-taylor-series/sections/sec-16-8-uniform-convergence-preview.xml,Chapter-16.txt|Chapter-16.tex|chapter-16.tex,NOT_STARTED,,,,,,,,,
sec-16-9-warning-examples,section,VII,16,16.9,Warning examples,source/chapters/ch16-power-series-taylor-polynomials-and-taylor-series/sections/sec-16-9-warning-examples.xml,Chapter-16.txt|Chapter-16.tex|chapter-16.tex,NOT_STARTED,,,,,,,,,
sec-16-10-chapter-review-and-projects,section,VII,16,16.10,Chapter review and projects,source/chapters/ch16-power-series-taylor-polynomials-and-taylor-series/sections/sec-16-10-chapter-review-and-projects.xml,Chapter-16.txt|Chapter-16.tex|chapter-16.tex,NOT_STARTED,,,,,,,,,
ch17-introduction,chapter-introduction,VIII,17,,Chapter 17 introduction,source/chapters/ch17-complex-numbers-fourier-ideas-and-the-road-ahead/ch17-complex-numbers-fourier-ideas-and-the-road-ahead.ptx,Chapter-17.txt|Chapter-17.tex|chapter-17.tex,NOT_STARTED,,,,,,,,,
sec-17-1-complex-numbers-and-euler-s-formula,section,VIII,17,17.1,Complex numbers and Euler's formula,source/chapters/ch17-complex-numbers-fourier-ideas-and-the-road-ahead/sections/sec-17-1-complex-numbers-and-euler-s-formula.xml,Chapter-17.txt|Chapter-17.tex|chapter-17.tex,NOT_STARTED,,,,,,,,,
sec-17-2-vibrations-and-second-order-equations,section,VIII,17,17.2,Vibrations and second-order equations,source/chapters/ch17-complex-numbers-fourier-ideas-and-the-road-ahead/sections/sec-17-2-vibrations-and-second-order-equations.xml,Chapter-17.txt|Chapter-17.tex|chapter-17.tex,NOT_STARTED,,,,,,,,,
sec-17-3-fourier-series-preview,section,VIII,17,17.3,Fourier series preview,source/chapters/ch17-complex-numbers-fourier-ideas-and-the-road-ahead/sections/sec-17-3-fourier-series-preview.xml,Chapter-17.txt|Chapter-17.tex|chapter-17.tex,NOT_STARTED,,,,,,,,,
sec-17-4-the-one-dimensional-stokes-theorem,section,VIII,17,17.4,The one-dimensional Stokes theorem,source/chapters/ch17-complex-numbers-fourier-ideas-and-the-road-ahead/sections/sec-17-4-the-one-dimensional-stokes-theorem.xml,Chapter-17.txt|Chapter-17.tex|chapter-17.tex,NOT_STARTED,,,,,,,,,
sec-17-5-conservation-laws-in-one-dimension,section,VIII,17,17.5,Conservation laws in one dimension,source/chapters/ch17-complex-numbers-fourier-ideas-and-the-road-ahead/sections/sec-17-5-conservation-laws-in-one-dimension.xml,Chapter-17.txt|Chapter-17.tex|chapter-17.tex,NOT_STARTED,,,,,,,,,
sec-17-6-least-action-and-the-shape-of-a-path,section,VIII,17,17.6,Least action and the shape of a path,source/chapters/ch17-complex-numbers-fourier-ideas-and-the-road-ahead/sections/sec-17-6-least-action-and-the-shape-of-a-path.xml,Chapter-17.txt|Chapter-17.tex|chapter-17.tex,NOT_STARTED,,,,,,,,,
sec-17-7-final-projects,section,VIII,17,17.7,Final projects,source/chapters/ch17-complex-numbers-fourier-ideas-and-the-road-ahead/sections/sec-17-7-final-projects.xml,Chapter-17.txt|Chapter-17.tex|chapter-17.tex,NOT_STARTED,,,,,,,,,
appA-introduction,appendix-introduction,backmatter,A,,Appendix A introduction,source/appendices/appA-algebra-and-inequalities-review/appA-algebra-and-inequalities-review.ptx,Appendix-A.tex|Appendix-A.txt|appendix-a.tex,NOT_STARTED,,,,,,,,,
sec-a-1-factoring-and-completing-the-square,appendix-section,backmatter,A,A.1,Factoring and completing the square,source/appendices/appA-algebra-and-inequalities-review/sections/sec-a-1-factoring-and-completing-the-square.xml,Appendix-A.tex|Appendix-A.txt|appendix-a.tex,NOT_STARTED,,,,,,,,,
sec-a-2-rational-expressions,appendix-section,backmatter,A,A.2,Rational expressions,source/appendices/appA-algebra-and-inequalities-review/sections/sec-a-2-rational-expressions.xml,Appendix-A.tex|Appendix-A.txt|appendix-a.tex,NOT_STARTED,,,,,,,,,
sec-a-3-exponents-and-radicals,appendix-section,backmatter,A,A.3,Exponents and radicals,source/appendices/appA-algebra-and-inequalities-review/sections/sec-a-3-exponents-and-radicals.xml,Appendix-A.tex|Appendix-A.txt|appendix-a.tex,NOT_STARTED,,,,,,,,,
sec-a-4-inequalities-and-absolute-values,appendix-section,backmatter,A,A.4,Inequalities and absolute values,source/appendices/appA-algebra-and-inequalities-review/sections/sec-a-4-inequalities-and-absolute-values.xml,Appendix-A.tex|Appendix-A.txt|appendix-a.tex,NOT_STARTED,,,,,,,,,
sec-a-5-sigma-notation-practice,appendix-section,backmatter,A,A.5,Sigma notation practice,source/appendices/appA-algebra-and-inequalities-review/sections/sec-a-5-sigma-notation-practice.xml,Appendix-A.tex|Appendix-A.txt|appendix-a.tex,NOT_STARTED,,,,,,,,,
appB-introduction,appendix-introduction,backmatter,B,,Appendix B introduction,source/appendices/appB-coordinate-geometry/appB-coordinate-geometry.ptx,Appendix-B.tex|Appendix-B.txt|appendix-b.tex,NOT_STARTED,,,,,,,,,
sec-b-1-lines,appendix-section,backmatter,B,B.1,Lines,source/appendices/appB-coordinate-geometry/sections/sec-b-1-lines.xml,Appendix-B.tex|Appendix-B.txt|appendix-b.tex,NOT_STARTED,,,,,,,,,
sec-b-2-circles,appendix-section,backmatter,B,B.2,Circles,source/appendices/appB-coordinate-geometry/sections/sec-b-2-circles.xml,Appendix-B.tex|Appendix-B.txt|appendix-b.tex,NOT_STARTED,,,,,,,,,
sec-b-3-parabolas-ellipses-and-hyperbolas,appendix-section,backmatter,B,B.3,"Parabolas, ellipses, and hyperbolas",source/appendices/appB-coordinate-geometry/sections/sec-b-3-parabolas-ellipses-and-hyperbolas.xml,Appendix-B.tex|Appendix-B.txt|appendix-b.tex,NOT_STARTED,,,,,,,,,
sec-b-4-distance-and-midpoint-formulas,appendix-section,backmatter,B,B.4,Distance and midpoint formulas,source/appendices/appB-coordinate-geometry/sections/sec-b-4-distance-and-midpoint-formulas.xml,Appendix-B.tex|Appendix-B.txt|appendix-b.tex,NOT_STARTED,,,,,,,,,
sec-b-5-scaling-and-shifting-graphs,appendix-section,backmatter,B,B.5,Scaling and shifting graphs,source/appendices/appB-coordinate-geometry/sections/sec-b-5-scaling-and-shifting-graphs.xml,Appendix-B.tex|Appendix-B.txt|appendix-b.tex,NOT_STARTED,,,,,,,,,
appC-introduction,appendix-introduction,backmatter,C,,Appendix C introduction,source/appendices/appC-trigonometry-in-radians/appC-trigonometry-in-radians.ptx,Appendix-C.tex|Appendix-C.txt|appendix-c.tex,NOT_STARTED,,,,,,,,,
sec-c-1-unit-circle-definitions,appendix-section,backmatter,C,C.1,Unit circle definitions,source/appendices/appC-trigonometry-in-radians/sections/sec-c-1-unit-circle-definitions.xml,Appendix-C.tex|Appendix-C.txt|appendix-c.tex,NOT_STARTED,,,,,,,,,
sec-c-2-basic-identities,appendix-section,backmatter,C,C.2,Basic identities,source/appendices/appC-trigonometry-in-radians/sections/sec-c-2-basic-identities.xml,Appendix-C.tex|Appendix-C.txt|appendix-c.tex,NOT_STARTED,,,,,,,,,
sec-c-3-addition-formulas,appendix-section,backmatter,C,C.3,Addition formulas,source/appendices/appC-trigonometry-in-radians/sections/sec-c-3-addition-formulas.xml,Appendix-C.tex|Appendix-C.txt|appendix-c.tex,NOT_STARTED,,,,,,,,,
sec-c-4-inverse-trigonometric-functions,appendix-section,backmatter,C,C.4,Inverse trigonometric functions,source/appendices/appC-trigonometry-in-radians/sections/sec-c-4-inverse-trigonometric-functions.xml,Appendix-C.tex|Appendix-C.txt|appendix-c.tex,NOT_STARTED,,,,,,,,,
sec-c-5-trigonometric-equations,appendix-section,backmatter,C,C.5,Trigonometric equations,source/appendices/appC-trigonometry-in-radians/sections/sec-c-5-trigonometric-equations.xml,Appendix-C.tex|Appendix-C.txt|appendix-c.tex,NOT_STARTED,,,,,,,,,
appD-introduction,appendix-introduction,backmatter,D,,Appendix D introduction,source/appendices/appD-proofs-and-completeness/appD-proofs-and-completeness.ptx,Appendix-D.tex|Appendix-D.txt|appendix-d.tex,NOT_STARTED,,,,,,,,,
sec-d-1-least-upper-bound-property,appendix-section,backmatter,D,D.1,Least upper bound property,source/appendices/appD-proofs-and-completeness/sections/sec-d-1-least-upper-bound-property.xml,Appendix-D.tex|Appendix-D.txt|appendix-d.tex,NOT_STARTED,,,,,,,,,
sec-d-2-monotone-convergence-theorem,appendix-section,backmatter,D,D.2,Monotone convergence theorem,source/appendices/appD-proofs-and-completeness/sections/sec-d-2-monotone-convergence-theorem.xml,Appendix-D.tex|Appendix-D.txt|appendix-d.tex,NOT_STARTED,,,,,,,,,
sec-d-3-bolzano-s-theorem-and-bisection,appendix-section,backmatter,D,D.3,Bolzano's theorem and bisection,source/appendices/appD-proofs-and-completeness/sections/sec-d-3-bolzano-s-theorem-and-bisection.xml,Appendix-D.tex|Appendix-D.txt|appendix-d.tex,NOT_STARTED,,,,,,,,,
sec-d-4-extreme-value-theorem-proof-outline,appendix-section,backmatter,D,D.4,Extreme Value Theorem proof outline,source/appendices/appD-proofs-and-completeness/sections/sec-d-4-extreme-value-theorem-proof-outline.xml,Appendix-D.tex|Appendix-D.txt|appendix-d.tex,NOT_STARTED,,,,,,,,,
sec-d-5-uniform-continuity-on-closed-intervals,appendix-section,backmatter,D,D.5,Uniform continuity on closed intervals,source/appendices/appD-proofs-and-completeness/sections/sec-d-5-uniform-continuity-on-closed-intervals.xml,Appendix-D.tex|Appendix-D.txt|appendix-d.tex,NOT_STARTED,,,,,,,,,
appE-introduction,appendix-introduction,backmatter,E,,Appendix E introduction,source/appendices/appE-technology-notes/appE-technology-notes.ptx,Appendix-E.tex|Appendix-E.txt|appendix-e.tex,NOT_STARTED,,,,,,,,,
sec-e-1-graphing-windows,appendix-section,backmatter,E,E.1,Graphing windows,source/appendices/appE-technology-notes/sections/sec-e-1-graphing-windows.xml,Appendix-E.tex|Appendix-E.txt|appendix-e.tex,NOT_STARTED,,,,,,,,,
sec-e-2-numerical-precision-and-roundoff,appendix-section,backmatter,E,E.2,Numerical precision and roundoff,source/appendices/appE-technology-notes/sections/sec-e-2-numerical-precision-and-roundoff.xml,Appendix-E.tex|Appendix-E.txt|appendix-e.tex,NOT_STARTED,,,,,,,,,
sec-e-3-calculator-and-cas-syntax,appendix-section,backmatter,E,E.3,Calculator and CAS syntax,source/appendices/appE-technology-notes/sections/sec-e-3-calculator-and-cas-syntax.xml,Appendix-E.tex|Appendix-E.txt|appendix-e.tex,NOT_STARTED,,,,,,,,,
sec-e-4-simple-python-experiments-for-calculus,appendix-section,backmatter,E,E.4,Simple Python experiments for calculus,source/appendices/appE-technology-notes/sections/sec-e-4-simple-python-experiments-for-calculus.xml,Appendix-E.tex|Appendix-E.txt|appendix-e.tex,NOT_STARTED,,,,,,,,,
sec-e-5-plotting-sequences-sums-and-taylor-polynomials,appendix-section,backmatter,E,E.5,"Plotting sequences, sums, and Taylor polynomials",source/appendices/appE-technology-notes/sections/sec-e-5-plotting-sequences-sums-and-taylor-polynomials.xml,Appendix-E.tex|Appendix-E.txt|appendix-e.tex,NOT_STARTED,,,,,,,,,
appF-introduction,appendix-introduction,backmatter,F,,Appendix F introduction,source/appendices/appF-tables/appF-tables.ptx,Appendix-F.tex|Appendix-F.txt|appendix-f.tex,NOT_STARTED,,,,,,,,,
sec-f-1-derivative-formulas,appendix-section,backmatter,F,F.1,Derivative formulas,source/appendices/appF-tables/sections/sec-f-1-derivative-formulas.xml,Appendix-F.tex|Appendix-F.txt|appendix-f.tex,NOT_STARTED,,,,,,,,,
sec-f-2-integral-formulas,appendix-section,backmatter,F,F.2,Integral formulas,source/appendices/appF-tables/sections/sec-f-2-integral-formulas.xml,Appendix-F.tex|Appendix-F.txt|appendix-f.tex,NOT_STARTED,,,,,,,,,
sec-f-3-common-taylor-series,appendix-section,backmatter,F,F.3,Common Taylor series,source/appendices/appF-tables/sections/sec-f-3-common-taylor-series.xml,Appendix-F.tex|Appendix-F.txt|appendix-f.tex,NOT_STARTED,,,,,,,,,
sec-f-4-series-tests,appendix-section,backmatter,F,F.4,Series tests,source/appendices/appF-tables/sections/sec-f-4-series-tests.xml,Appendix-F.tex|Appendix-F.txt|appendix-f.tex,NOT_STARTED,,,,,,,,,
sec-f-5-numerical-integration-rules,appendix-section,backmatter,F,F.5,Numerical integration rules,source/appendices/appF-tables/sections/sec-f-5-numerical-integration-rules.xml,Appendix-F.tex|Appendix-F.txt|appendix-f.tex,NOT_STARTED,,,,,,,,,
backmatter-index-colophon,backmatter,backmatter,,,Index and colophon,source/backmatter.ptx,project metadata,NOT_STARTED,,,,,,,,,
