source_file,chapter,ordinal,line,label,caption,tikzpicture_count,axis_count,addplot3_count,minipage_count,true_3d,true_3d_signals,semantic_3d_review_candidate,unterminated
appendices/appA-algebra.tex,,1,322,fig:completing-square-vertex,Completing the square reveals the vertex and the minimum value.,1,1,0,0,False,,False,False
appendices/appA-algebra.tex,,2,1161,fig:absolute-value-distance-appendix,Absolute value inequalities are distance statements.,1,0,0,0,False,,False,False
appendices/appB-coordinate-geometry.tex,,1,69,fig:appendix-slope-rise-run,Slope measures vertical change per horizontal change.,1,1,0,0,False,,False,False
appendices/appB-coordinate-geometry.tex,,2,439,fig:appendix-line-intercepts,The intercepts are often the quickest way to sketch a line in general form.,1,1,0,0,False,,False,False
appendices/appB-coordinate-geometry.tex,,3,661,fig:appendix-circle-center-radius,"The circle \((x-2)^2+(y+3)^2=25\) has center \((2,-3)\) and radius \(5\).",1,1,0,0,False,,False,False
appendices/appB-coordinate-geometry.tex,,4,878,fig:appendix-parabola-vertex-form,Vertex form shows the shift and stretch immediately.,1,1,0,0,False,,False,False
appendices/appB-coordinate-geometry.tex,,5,1041,fig:appendix-ellipse-standard,The ellipse \(\frac{x^2}{9}+\frac{y^2}{4}=1\) has semi-axis lengths \(3\) and \(2\).,1,1,0,0,False,,False,False
appendices/appB-coordinate-geometry.tex,,6,1182,fig:appendix-hyperbola-asymptotes,A hyperbola approaches its asymptotes but does not cross them far from the center.,1,1,0,0,False,,False,False
appendices/appB-coordinate-geometry.tex,,7,1430,fig:appendix-distance-formula,The distance formula is the Pythagorean Theorem.,1,1,0,0,False,,False,False
appendices/appB-coordinate-geometry.tex,,8,1671,fig:appendix-parabola-shift,Replacing \(x\) by \(x-3\) shifts right \(3\); subtracting \(1\) shifts down \(1\).,1,1,0,0,False,,False,False
appendices/appB-coordinate-geometry.tex,,9,1914,fig:appendix-sqrt-shift,"The starting point of the square-root graph moves from \((0,0)\) to \((2,1)\).",1,1,0,0,False,,False,False
appendices/appC-trigonometry.tex,,1,84,fig:appendix-unit-circle-arc,"On the unit circle, radian measure equals arc length.",1,0,0,0,False,,False,False
appendices/appC-trigonometry.tex,,2,257,fig:appendix-sine-cosine-coordinates,The cosine is the \(x\)-coordinate and the sine is the \(y\)-coordinate on the unit circle.,1,0,0,0,False,,False,False
appendices/appC-trigonometry.tex,,3,529,fig:appendix-sine-cosine-graphs,Sine and cosine are periodic because the unit circle repeats after a full turn.,1,1,0,0,False,,False,False
appendices/appC-trigonometry.tex,,4,1562,fig:appendix-arcsin-graph,"The inverse sine reverses the restricted sine function on \([-\pi/2,\pi/2]\).",1,1,0,0,False,,False,False
appendices/appD-proofs.tex,,1,188,fig:rational-hole-sqrt2,"The set of rational numbers with \(x^2<2\) points toward \(\sqrt2\), which is missing from \(\mathbb Q\).",1,0,0,0,False,,False,False
appendices/appD-proofs.tex,,2,471,fig:monotone-sequence-approaches-sup,An increasing sequence trapped below an upper bound must approach its least upper bound.,1,1,0,0,False,,False,False
appendices/appD-proofs.tex,,3,750,fig:nested-intervals-shrink,Shrinking nested closed intervals trap a single real number.,1,0,0,0,False,,False,False
appendices/appD-proofs.tex,,4,802,fig:bolzano-crossing,A continuous graph that goes from negative to positive must cross the \(x\)-axis.,1,1,0,0,False,,False,False
appendices/appD-proofs.tex,,5,1109,fig:bolzano-fails-jump,A jump discontinuity can change sign without crossing \(0\).,1,1,0,0,False,,False,False
appendices/appD-proofs.tex,,6,1340,fig:evt-maximum-reached,Continuity on a closed interval forces the supremum of the values to be reached.,1,1,0,0,False,,False,False
appendices/appD-proofs.tex,,7,1625,fig:one-over-x-not-uniform,"The function \(1/x\) is continuous on \((0,1)\), but no single input tolerance works everywhere.",1,1,0,0,False,,False,False
appendices/appE-technology.tex,,1,83,fig:technology-window-cubic,The same function can tell a different visual story in different windows.,2,2,0,2,False,,False,False
appendices/appE-technology.tex,,2,194,fig:technology-hidden-hole,A plotted line may hide the fact that the original formula is undefined at \(x=1\).,1,1,0,0,False,,False,False
appendices/appE-technology.tex,,3,244,fig:technology-sampling-oscillation,Sampling too few points can give a misleading picture of a rapidly changing function.,1,1,0,0,False,,False,False
appendices/appE-technology.tex,,4,1337,fig:technology-taylor-polynomials-sine,Taylor polynomials approximate \(\sin x\) best near their center \(0\).,1,1,0,0,False,,False,False
chapters/ch01-velocity-distance.tex,,1,34,fig:dashboard,The odometer records accumulated distance. The speedometer records how fast that distance is changing.,1,0,0,0,False,,False,False
chapters/ch01-velocity-distance.tex,,2,311,fig:constant-velocity-graphs,"Constant velocity gives a horizontal velocity graph and a straight distance graph. The same number \(60\) appears as a height, a slope, and a rate.",2,2,0,2,False,,False,False
chapters/ch01-velocity-distance.tex,,3,603,fig:piecewise-constant-preview,"When velocity changes by steps, distance is built from several straight pieces. Each piece has its own slope.",2,2,0,2,False,,False,False
chapters/ch01-velocity-distance.tex,,4,830,fig:signed-area-motion,"Area above the time axis counts positive. Area below the time axis counts negative. The signed area under the velocity graph is \(80-30=50\), matching the change in signed position.",2,2,0,2,False,,False,False
chapters/ch01-velocity-distance.tex,,5,1151,fig:finite-ftc-step-velocity,Step velocity gives a piecewise linear position graph. The signed rectangle areas \(2+4+1-3+5\) equal the net change \(9-0\).,2,2,0,2,False,,False,False
chapters/ch01-velocity-distance.tex,,6,1593,fig:secants-to-tangent,"As the second point \(Q\) moves toward \(P\), the secant lines approach the tangent line. The slope of that tangent line is the instantaneous velocity.",1,1,0,0,False,,False,False
chapters/ch01-velocity-distance.tex,,7,1695,fig:left-right-area-estimates,"For an increasing velocity \(v(t)=t^2\), left rectangles underestimate the area and right rectangles overestimate it. More rectangles make both estimates better.",2,2,0,2,False,,False,False
chapters/ch01-velocity-distance.tex,,8,1969,fig:first-map-of-calculus,The main ideas of the book are connected from the beginning. The derivative measures local change. The integral accumulates change. Approximation makes both useful. Differential equations express laws in the language of change.,1,0,0,0,False,,False,False
chapters/ch01-velocity-distance.tex,,9,2020,fig:read-trip-speed-graph,Each rectangle gives one signed change in position. Rectangles above the axis count positive; rectangles below the axis count negative.,1,1,0,0,False,,False,False
chapters/ch01-velocity-distance.tex,,10,2164,fig:same-displacement-two-trips,"Two different velocity histories can have the same displacement. Signed area preserves the net change, not the full story.",2,2,0,2,False,,False,False
chapters/ch02-numbers-functions.tex,,1,37,fig:real-line-basic,The real line turns numbers into points and distances.,1,0,0,0,False,,False,False
chapters/ch02-numbers-functions.tex,,2,106,fig:interval-types,Open circles mean endpoints are excluded. Filled circles mean endpoints are included.,1,0,0,0,False,,False,False
chapters/ch02-numbers-functions.tex,,3,225,fig:absolute-value-neighborhood,The inequality \(|x-a|<\varepsilon\) means that \(x\) lies within distance \(\varepsilon\) of \(a\).,1,0,0,0,False,,False,False
chapters/ch02-numbers-functions.tex,,4,494,fig:unit-square-sqrt2,"The diagonal of a unit square has length \(\sqrt2\), the number whose square is \(2\).",1,0,0,0,False,,False,False
chapters/ch02-numbers-functions.tex,,5,631,fig:nested-intervals-sqrt2,"Nested intervals trap one number. For the real line, that trapped point exists. For the rational numbers alone, this example traps a missing point.",1,0,0,0,False,,False,False
chapters/ch02-numbers-functions.tex,,6,1032,fig:function-assignment,A function assigns an output to each input in its domain.,1,0,0,0,False,,False,False
chapters/ch02-numbers-functions.tex,,7,1182,fig:vertical-line-test,The full circle gives two \(y\)-values for many \(x\)-values. The upper semicircle gives exactly one.,1,0,0,0,False,,False,False
chapters/ch02-numbers-functions.tex,,8,1431,fig:piecewise-position-function,A piecewise function can describe motion whose rule changes.,1,1,0,0,False,,False,False
chapters/ch02-numbers-functions.tex,,9,1579,fig:difference-quotient-secant,The difference quotient is the slope of the secant line through the points with inputs \(a\) and \(a+h\).,1,1,0,0,False,,False,False
chapters/ch02-numbers-functions.tex,,10,1710,fig:vertical-horizontal-shifts,Adding outside the function shifts vertically. Changing the input inside the function shifts horizontally.,1,1,0,0,False,,False,False
chapters/ch02-numbers-functions.tex,,11,2048,fig:even-odd-basic,The square function is even. The cube function is odd.,2,2,0,2,False,,False,False
chapters/ch02-numbers-functions.tex,,12,2262,fig:cubic-sign-intervals,"Zeros divide the \(x\)-axis into intervals. On each interval, the graph is either above or below the axis until it crosses again.",1,1,0,0,False,,False,False
chapters/ch02-numbers-functions.tex,,13,2607,fig:composition-machine,"In \(f(g(x))\), the function \(g\) acts first. Its output becomes the input of \(f\).",1,0,0,0,False,,False,False
chapters/ch02-numbers-functions.tex,,14,3003,fig:square-inverse,"The square function is not one-to-one on all real numbers. On the restricted domain \([0,\infty)\), it has inverse \(\sqrt{x}\).",2,2,0,2,False,,False,False
chapters/ch02-numbers-functions.tex,,15,3522,fig:average-cost-asymptote,The average cost approaches the variable cost per item as the fixed cost is spread over more items.,1,1,0,0,False,,False,False
chapters/ch02-numbers-functions.tex,,16,3690,fig:unit-circle-sin-cos,"On the unit circle, cosine and sine are coordinates of the point reached by angle \(\theta\).",1,0,0,0,False,,False,False
chapters/ch02-numbers-functions.tex,,17,4021,fig:exp-log-inverses,"Exponential and logarithm functions are inverses, so their graphs reflect across the line \(y=x\).",1,1,0,0,False,,False,False
chapters/ch02-numbers-functions.tex,,18,4566,fig:linear-versus-exponential-models,Linear growth adds equal amounts. Exponential growth multiplies by equal factors.,1,1,0,0,False,,False,False
chapters/ch02-numbers-functions.tex,,19,4636,fig:ferris-wheel-model,"A sinusoidal model records a repeating motion by its midline, amplitude, and period.",1,1,0,0,False,,False,False
chapters/ch02-numbers-functions.tex,,20,4896,fig:window-can-lie-cubic,The small window is not false; it is incomplete. A wider window reveals behavior the first picture cannot show.,2,2,0,2,False,,False,False
chapters/ch02-numbers-functions.tex,,21,5044,fig:sampling-misses-oscillation,A finite sample can miss oscillation. The left picture suggests \(f(x)=0\). The right picture shows the hidden motion.,2,2,0,2,False,,False,False
chapters/ch02-numbers-functions.tex,,22,5809,fig:chapter-2-review-cubic,Zeros divide the \(x\)-axis into intervals where the function has a fixed sign.,1,1,0,0,False,,False,False
chapters/ch02-numbers-functions.tex,,23,6107,fig:coffee-cooling-data,The coffee cools toward room temperature. A good model should respect that long-term behavior.,1,1,0,0,False,,False,False
chapters/ch03-limits-continuity.tex,,1,94,fig:secants-approach-tangent,The slopes of the secant lines approach the slope of the tangent line at \(t=2\).,1,1,0,0,False,,False,False
chapters/ch03-limits-continuity.tex,,2,278,fig:limit-hole-different-value,The limit watches nearby values. It does not have to equal the value of the function at the point.,1,1,0,0,False,,False,False
chapters/ch03-limits-continuity.tex,,3,373,fig:jump-no-limit,A two-sided limit exists only when nearby values approach one common target.,1,1,0,0,False,,False,False
chapters/ch03-limits-continuity.tex,,4,784,fig:removable-hole,"For \(x\neq1\), \(\dfrac{x^2-1}{x-1}=x+1\). The limit sees the nearby line, not the missing point.",1,1,0,0,False,,False,False
chapters/ch03-limits-continuity.tex,,5,954,fig:squeeze-x2-sin,The oscillating graph is trapped between \(y=-x^2\) and \(y=x^2\). The walls close in at \(0\).,1,1,0,0,False,,False,False
chapters/ch03-limits-continuity.tex,,6,1111,fig:one-sided-different-limits,The left and right sides approach different values. Therefore the two-sided limit does not exist.,1,1,0,0,False,,False,False
chapters/ch03-limits-continuity.tex,,7,1370,fig:one-over-x-minus-two,The graph of \(1/(x-2)\) falls without bound from the left and rises without bound from the right.,1,1,0,0,False,,False,False
chapters/ch03-limits-continuity.tex,,8,1787,fig:slant-asymptote,The graph of \(\dfrac{x^2+1}{x-1}\) has a vertical asymptote \(x=1\) and a slant asymptote \(y=x+1\).,1,1,0,0,False,,False,False
chapters/ch03-limits-continuity.tex,,9,2424,fig:epsilon-delta-band-strip,"For \(\lim_{x\to a}f(x)=L\), every horizontal band around \(L\) must contain the graph over some punctured vertical strip around \(a\).",1,1,0,0,False,,False,False
chapters/ch03-limits-continuity.tex,,10,2792,fig:removable-continuity,"The function \(\dfrac{x^2-1}{x-1}\) has the graph of \(y=x+1\), except for a missing point at \(x=1\).",1,1,0,0,False,,False,False
chapters/ch03-limits-continuity.tex,,11,3162,fig:three-discontinuities,"Three common ways continuity can fail: a hole, a jump, or a vertical asymptote.",3,3,0,3,False,,False,False
chapters/ch03-limits-continuity.tex,,12,3322,fig:ivt-root-cubic,A continuous graph that goes from negative to positive must cross the \(x\)-axis.,1,1,0,0,False,,False,False
chapters/ch03-limits-continuity.tex,,13,3549,fig:ivt-fails-jump,"Without continuity, a graph can jump over an intermediate value.",1,1,0,0,False,,False,False
chapters/ch03-limits-continuity.tex,,14,3632,fig:evt-parabola,A continuous function on a closed finite interval reaches its highest and lowest values.,1,1,0,0,False,,False,False
chapters/ch03-limits-continuity.tex,,15,3900,fig:jump-warning-no-limit,"A jump creates two different one-sided limits, so the two-sided limit fails.",1,1,0,0,False,,False,False
chapters/ch03-limits-continuity.tex,,16,3970,fig:infinite-limit-warning,"The values of \(1/x^2\) grow without bound near \(0\). This is infinite behavior, not a finite limit.",1,1,0,0,False,,False,False
chapters/ch03-limits-continuity.tex,,17,4041,fig:ivt-warning-fails,"Without continuity, a function can jump over an intermediate value.",1,1,0,0,False,,False,False
chapters/ch03-limits-continuity.tex,,18,4108,fig:evt-warning-open-interval,"On \((0,1)\), the function \(f(x)=x\) approaches its lowest and highest possible values but never reaches them.",1,1,0,0,False,,False,False
chapters/ch03-limits-continuity.tex,,19,4506,fig:sequence-convergent-divergent,The sequence \(1/n\) settles toward \(0\). The sequence \((-1)^n\) keeps jumping between two values.,2,2,0,2,False,,False,False
chapters/ch03-limits-continuity.tex,,20,4710,fig:monotone-bounded-sequence,The sequence \(a_n=1-1/n\) increases toward \(1\) without passing it.,1,1,0,0,False,,False,False
chapters/ch03-limits-continuity.tex,,21,5034,fig:chapter3-concept-map,"Limits are the center. Continuity, asymptotes, sequences, and tangent slopes all use the same idea of controlled approach.",1,0,0,0,False,,False,False
chapters/ch03-limits-continuity.tex,,22,5323,fig:chapter3-graph-reading-review,"Graph for reading one-sided limits, function values, and discontinuities.",1,1,0,0,False,,False,False
chapters/ch03-limits-continuity.tex,,23,5870,fig:chapter3-concept-map,"Limits are the center. Continuity, asymptotes, sequences, and tangent slopes all use the same idea of controlled approach.",1,0,0,0,False,,False,False
chapters/ch03-limits-continuity.tex,,24,6159,fig:chapter3-graph-reading-review,"Graph for reading one-sided limits, function values, and discontinuities.",1,1,0,0,False,,False,False
chapters/ch04-derivative.tex,,1,77,fig:secant-slope-parabola,The average rate of change is the slope of the secant line through two graph points.,1,1,0,0,False,,False,False
chapters/ch04-derivative.tex,,2,331,fig:coffee-average-rates,Average rates from data are secant slopes between measured points.,1,1,0,0,False,,False,False
chapters/ch04-derivative.tex,,3,727,fig:secants-to-tangent-derivative,Secant slopes approach the tangent slope as the second point approaches the first.,1,1,0,0,False,,False,False
chapters/ch04-derivative.tex,,4,814,fig:cubic-tangent-crosses,"A tangent line can cross the curve. Tangency is about limiting slope, not merely touching.",1,1,0,0,False,,False,False
chapters/ch04-derivative.tex,,5,923,fig:absolute-value-no-derivative,"At a corner, the left and right limiting slopes can disagree. Then the derivative does not exist.",1,1,0,0,False,,False,False
chapters/ch04-derivative.tex,,6,1064,fig:parabola-and-derivative,The graph of \(f\) shows height. The graph of \(f'\) shows tangent slope.,2,2,0,2,False,,False,False
chapters/ch04-derivative.tex,,7,1394,fig:cubic-and-derivative,The derivative graph records the slopes of the original graph.,2,2,0,2,False,,False,False
chapters/ch04-derivative.tex,,8,1673,fig:sqrt-local-linear,"Near \(x=4\), the tangent line gives a simple model for \(\sqrt{x}\).",1,1,0,0,False,,False,False
chapters/ch04-derivative.tex,,9,2017,fig:dy-vs-delta-y,The differential \(dy\) is the tangent-line change. The actual change is \(\Delta y\).,1,1,0,0,False,,False,False
chapters/ch04-derivative.tex,,10,2489,fig:absolute-value-continuous-not-differentiable,"The graph of \(y=|x|\) is continuous at \(0\), but the two limiting slopes disagree.",1,1,0,0,False,,False,False
chapters/ch04-derivative.tex,,11,2555,fig:ways-derivative-fails,"Differentiability can fail in different ways. Continuity rules out jumps, but not corners, cusps, or vertical tangents.",4,4,0,4,False,,False,False
chapters/ch04-derivative.tex,,12,3411,fig:polynomial-tangent-first-formulas,The derivative formula gives the tangent slope without returning to the limit definition.,1,1,0,0,False,,False,False
chapters/ch04-derivative.tex,,13,3802,fig:position-velocity-acceleration,"Position, velocity, and acceleration are linked by derivatives. The position has a maximum when the velocity changes sign from positive to negative.",3,3,0,3,False,,False,False
chapters/ch04-derivative.tex,,14,4017,fig:speed-vs-velocity-return,"The particle returns to its starting position, so its displacement is \(0\), but it has traveled a total distance of \(8\).",1,1,0,0,False,,False,False
chapters/ch04-derivative.tex,,15,4260,fig:thrown-upward,"At the highest point, the velocity is \(0\), but the acceleration is still \(-32\text{ ft/s}^2\).",1,1,0,0,False,,False,False
chapters/ch04-derivative.tex,,16,4556,fig:absolute-value-motion-warning,"The function \(s(t)=|t|\) is continuous at \(0\), but it has no derivative there.",1,1,0,0,False,,False,False
chapters/ch04-derivative.tex,,17,4862,fig:calculator-misses-corner,A finite plot can miss a nondifferentiable point if it is not sampled.,2,2,0,2,False,,False,False
chapters/ch04-derivative.tex,,18,4991,fig:chapter4-derivative-map,The derivative is one idea with several connected meanings.,1,0,0,0,False,,False,False
chapters/ch04-derivative.tex,,19,5469,fig:noisy-position-data,"Noisy position data still suggest a smooth motion, but slopes estimated from nearby points can vary.",1,1,0,0,False,,False,False
chapters/ch05-differentiation-rules.tex,,1,633,fig:product-rule-area,"When both factors change, a product changes by two main strips and a small corner.",1,0,0,0,False,,False,False
chapters/ch05-differentiation-rules.tex,,2,2068,fig:chain-diagram,A chain diagram records the order in which the function is built.,1,0,0,0,False,,False,False
chapters/ch05-differentiation-rules.tex,,3,2444,fig:circle-implicit-tangent,Implicit differentiation gives the tangent slope without solving the circle into upper and lower functions.,1,0,0,0,False,,False,False
chapters/ch05-differentiation-rules.tex,,4,3105,fig:sin-h-over-h-geometry,"For \(0<h<\pi/2\), the small triangle lies inside the sector, which lies inside the larger triangle.",1,0,0,0,False,,False,False
chapters/ch05-differentiation-rules.tex,,5,3343,fig:sine-derivative-cosine,The derivative of the sine curve is the cosine curve.,1,1,0,0,False,,False,False
chapters/ch05-differentiation-rules.tex,,6,3890,fig:simple-harmonic-motion-preview,"For simple harmonic motion, acceleration is proportional to displacement and points in the opposite direction.",1,1,0,0,False,,False,False
chapters/ch05-differentiation-rules.tex,,7,4055,fig:exponential-tangent-at-zero,The base \(e\) is chosen so that \(e^x\) has slope \(1\) at \(x=0\).,1,1,0,0,False,,False,False
chapters/ch05-differentiation-rules.tex,,8,4807,fig:sin-h-over-h-geometry,"For \(0<h<\pi/2\), the inner triangle lies inside the circular sector, and the sector lies inside the outer triangle.",1,0,0,0,False,,False,False
chapters/ch05-differentiation-rules.tex,,9,5087,fig:sine-derivative-cosine,The cosine graph records the slope of the sine graph. Its zeros occur where sine has horizontal tangents.,1,1,0,0,False,,False,False
chapters/ch05-differentiation-rules.tex,,10,5675,fig:shm-displacement-acceleration,The displacement and the scaled acceleration have opposite signs. The spring always accelerates the mass back toward equilibrium.,1,1,0,0,False,,False,False
chapters/ch05-differentiation-rules.tex,,11,5862,fig:inverse-slopes-reciprocal,Inverse functions are reflections across \(y=x\). Corresponding tangent slopes are reciprocals.,1,1,0,0,False,,False,False
chapters/ch05-differentiation-rules.tex,,12,6240,fig:x-cubed-inverse-vertical,The horizontal tangent to \(y=x^3\) reflects into a vertical tangent to \(y=\sqrt[3]{x}\).,1,1,0,0,False,,False,False
chapters/ch05-differentiation-rules.tex,,13,6342,fig:arcsin-reflection,The graph of \(y=\arcsin x\) is the reflection of the restricted sine graph across \(y=x\).,1,1,0,0,False,,False,False
chapters/ch05-differentiation-rules.tex,,14,7153,fig:sinh-cosh-graphs,"The function \(\cosh x\) is even, while \(\sinh x\) is odd.",1,1,0,0,False,,False,False
chapters/ch05-differentiation-rules.tex,,15,7369,fig:hyperbola-cosh-sinh,"The parametrization \(X=\cosh t\), \(Y=\sinh t\) lies on the hyperbola \(X^2-Y^2=1\).",1,1,0,0,False,,False,False
chapters/ch05-differentiation-rules.tex,,16,7660,fig:catenary-cosh,"Near the lowest point, a catenary resembles a parabola. Farther away, the hyperbolic cosine shape rises differently.",1,1,0,0,False,,False,False
chapters/ch05-differentiation-rules.tex,,17,7841,fig:product-rule-warning-strips,"A changing product has two first-order contributions, not one.",1,0,0,0,False,,False,False
chapters/ch05-differentiation-rules.tex,,18,7957,fig:chain-rule-order-warning,The same two functions in different orders produce different chains.,1,0,0,0,False,,False,False
chapters/ch05-differentiation-rules.tex,,19,8323,fig:chapter-5-derivative-workflow,A good derivative calculation reads the function first and checks the result afterward.,1,0,0,0,False,,False,False
chapters/ch05-differentiation-rules.tex,,20,9391,fig:chapter-5-hook-derivative-shape,The derivative gives information about the shape of the original graph.,1,1,0,0,False,,False,False
chapters/ch06-shape-extremes.tex,,1,100,fig:position-sign-chart,The sign of velocity tells whether the position is increasing or decreasing.,2,1,0,0,False,,False,False
chapters/ch06-shape-extremes.tex,,2,301,fig:first-derivative-sign-chart,The derivative sign chart predicts the rise and fall of the original graph.,2,1,0,0,False,,False,False
chapters/ch06-shape-extremes.tex,,3,419,fig:absolute-value-critical,"For \(g(x)=|x|\), the derivative is undefined at \(0\). So \(0\) is a critical number.",1,1,0,0,False,,False,False
chapters/ch06-shape-extremes.tex,,4,560,fig:local-vs-absolute-extrema,A local maximum may not be the absolute maximum. Endpoints must be checked.,1,1,0,0,False,,False,False
chapters/ch06-shape-extremes.tex,,5,1101,fig:mvt-parabola,"For \(f(x)=x^2\) on \([1,3]\), the secant slope is \(4\). The tangent slope at \(x=2\) is also \(4\).",1,1,0,0,False,,False,False
chapters/ch06-shape-extremes.tex,,6,1212,fig:rolles-theorem-example,Rolle's Theorem says that equal endpoint heights force at least one horizontal tangent inside.,1,1,0,0,False,,False,False
chapters/ch06-shape-extremes.tex,,7,1864,fig:increasing-different-concavity,"Both positions increase on the interval, but one bends upward and the other bends downward.",1,1,0,0,False,,False,False
chapters/ch06-shape-extremes.tex,,8,2007,fig:concave-up-down-basic,Concave up means slopes increase. Concave down means slopes decrease.,1,1,0,0,False,,False,False
chapters/ch06-shape-extremes.tex,,9,2068,fig:cubic-concavity-chart,The sign of \(f''\) gives the concavity of \(f\).,2,1,0,0,False,,False,False
chapters/ch06-shape-extremes.tex,,10,2581,fig:quartic-sign-chart-sketch,The first derivative locates turning behavior. The second derivative locates bending behavior.,1,1,0,0,False,,False,False
chapters/ch06-shape-extremes.tex,,11,3163,fig:rational-complete-sketch,"A calculus sketch combines asymptotes, first derivative signs, and second derivative signs.",1,1,0,0,False,,False,False
chapters/ch06-shape-extremes.tex,,12,4252,fig:fermat-endpoint-warning,An endpoint can be highest or lowest simply because the interval stops.,1,1,0,0,False,,False,False
chapters/ch06-shape-extremes.tex,,13,4347,fig:mvt-continuity-warning,"Without continuity, the endpoint secant slope may not appear as any tangent slope.",1,1,0,0,False,,False,False
chapters/ch06-shape-extremes.tex,,14,4442,fig:mvt-differentiability-warning,A corner can create a turn without any horizontal tangent.,1,1,0,0,False,,False,False
chapters/ch06-shape-extremes.tex,,15,4596,fig:second-derivative-test-silent,"When \(f'(0)=0\) and \(f''(0)=0\), the second derivative test is silent.",1,1,0,0,False,,False,False
chapters/ch06-shape-extremes.tex,,16,4928,fig:chapter-6-review-example,A first derivative sign chart gives turning behavior. A second derivative sign chart gives bending behavior.,1,1,0,0,False,,False,False
chapters/ch07-optimization.tex,,1,331,fig:related-rates-ladder,"The ladder length is fixed, so \(x^2+y^2=100\). The changing lengths \(x\) and \(y\) have related rates.",1,0,0,0,False,,False,False
chapters/ch07-optimization.tex,,2,458,fig:related-rates-shadow,"Similar triangles relate the person's position \(x\), the shadow length \(s\), and the tip position \(p=x+s\).",1,0,0,0,False,,False,False
chapters/ch07-optimization.tex,,3,585,fig:related-rates-cone,"Similar triangles give \(r/h=4/12\), so the cone volume can be written using \(h\) alone.",1,0,0,0,False,,True,False
chapters/ch07-optimization.tex,,4,838,fig:fence-river-optimization,"The river supplies one side, so the fencing constraint is \(2x+y=200\).",1,0,0,0,False,,False,False
chapters/ch07-optimization.tex,,5,1035,fig:open-box-cardboard,Cutting out four squares of side length \(x\) leaves an open box with volume \(V=x(12-2x)^2\).,1,0,0,0,False,,True,False
chapters/ch07-optimization.tex,,6,1166,fig:closed-can-min-area,"For a closed cylinder with fixed volume, the surface area is minimized when height equals diameter.",1,0,0,0,False,,True,False
chapters/ch07-optimization.tex,,7,1294,fig:reflection-shortest-path,The total path length is \(D(x)=\sqrt{x^2+a^2}+\sqrt{(L-x)^2+b^2}\).,1,0,0,0,False,,False,False
chapters/ch07-optimization.tex,,8,1544,fig:linear-approx-sqrt26,"Near \(x=25\), the tangent line to \(y=\sqrt{x}\) gives a quick estimate of \(\sqrt{x}\).",1,1,0,0,False,,False,False
chapters/ch07-optimization.tex,,9,1828,fig:sphere-shell-differential,"For a sphere, \(dV=4\pi r^2\,dr\): surface area times a small change in radius.",1,0,0,0,False,,True,False
chapters/ch07-optimization.tex,,10,2155,fig:angle-height-sensitivity,The model \(H=100\tan\theta\) becomes very sensitive when \(\theta\) is large.,1,0,0,0,False,,False,False
chapters/ch07-optimization.tex,,11,2314,fig:newton-sqrt2-first-step,Newton's method replaces the curve by its tangent line and uses the tangent's \(x\)-intercept as the next guess.,1,1,0,0,False,,False,False
chapters/ch07-optimization.tex,,12,2781,fig:newton-cycle,"For \(f(x)=x^3-2x+2\), Newton's method starting at \(0\) cycles between \(0\) and \(1\).",1,1,0,0,False,,False,False
chapters/ch07-optimization.tex,,13,3012,fig:exponential-growth-decay,The equation \(y'=ky\) gives exponential growth when \(k>0\) and exponential decay when \(k<0\).,1,1,0,0,False,,False,False
chapters/ch07-optimization.tex,,14,3603,fig:newton-cooling-coffee,Newton's law of cooling says the temperature difference \(T-T_s\) decays exponentially.,1,1,0,0,False,,False,False
chapters/ch07-optimization.tex,,15,3938,fig:logistic-phase-line,"For the logistic equation, \(P'\) is positive below \(K\) and negative above \(K\). The carrying capacity \(K\) is stable.",2,1,0,0,False,,False,False
chapters/ch07-optimization.tex,,16,4261,fig:logistic-solutions,Logistic solutions move toward the carrying capacity \(K\). From below they rise toward \(K\); from above they fall toward \(K\).,1,1,0,0,False,,False,False
chapters/ch07-optimization.tex,,17,4538,fig:reflection-reflected-point,Reflecting \(B\) across the mirror turns the broken reflected path into a straight path from \(A\) to \(B^*\).,1,0,0,0,False,,False,False
chapters/ch07-optimization.tex,,18,4751,fig:refraction-least-time,"When speed changes at a boundary, the least-time path usually bends.",1,0,0,0,False,,False,False
chapters/ch07-optimization.tex,,19,5054,fig:critical-point-outside-domain,"The critical point \(q=40\) maximizes the formula on a larger domain, but it is not an allowed production level.",1,1,0,0,False,,False,False
chapters/ch07-optimization.tex,,20,5163,fig:local-max-not-absolute,A local high point can lose to an endpoint or to another part of the graph.,1,1,0,0,False,,False,False
chapters/ch07-optimization.tex,,21,5265,fig:newton-wrong-root,"The tangent line at \(x_0=1\) crosses the axis at the root \(-2\), not at the intended root \(2\).",1,1,0,0,False,,False,False
chapters/ch07-optimization.tex,,22,5484,fig:chapter7-model-map,"The chapter's methods all follow the same modeling path: translate, differentiate, solve, and interpret.",1,0,0,0,False,,False,False
chapters/ch07-optimization.tex,,23,5771,fig:least-material-container-project,A more realistic container model can assign different costs to the side wall and the two circular ends.,1,0,0,0,False,,True,False
chapters/ch07-optimization.tex,,24,6019,fig:cooling-data-project,Newton's law of cooling models the excess temperature \(T-22\) as exponential decay.,1,1,0,0,False,,False,False
chapters/ch08-integral-accumulation.tex,,1,124,fig:constant-velocity-area,"For constant velocity, displacement is the area of a rectangle under the velocity graph.",1,1,0,0,False,,False,False
chapters/ch08-integral-accumulation.tex,,2,262,fig:piecewise-constant-velocity,"For piecewise constant velocity, displacement is a sum of rectangle areas.",1,1,0,0,False,,False,False
chapters/ch08-integral-accumulation.tex,,3,446,fig:sampled-velocity-rectangles,A sampled velocity table leads naturally to rectangular distance estimates.,1,1,0,0,False,,False,False
chapters/ch08-integral-accumulation.tex,,4,552,fig:signed-velocity-area,Area above the time axis counts positive. Area below the time axis counts negative for displacement.,1,1,0,0,False,,False,False
chapters/ch08-integral-accumulation.tex,,5,708,fig:left-rectangles-x-squared,"Left endpoint rectangles estimate the area under \(y=x^2\) on \([0,2]\).",1,1,0,0,False,,False,False
chapters/ch08-integral-accumulation.tex,,6,905,fig:lower-upper-x-squared,"For an increasing function, left rectangles give a lower sum and right rectangles give an upper sum.",2,2,0,2,False,,False,False
chapters/ch08-integral-accumulation.tex,,7,1175,fig:rectangles-triangle-area,"For \(y=x\) on \([0,2]\), rectangular sums approach the known triangle area \(2\).",1,1,0,0,False,,False,False
chapters/ch08-integral-accumulation.tex,,8,2289,fig:partition-sample-points,A partition divides the interval. A sample point in each subinterval determines the rectangle height.,1,1,0,0,False,,False,False
chapters/ch08-integral-accumulation.tex,,9,2728,fig:riemann-x-squared-right,"The exact area under \(y=x^2\) on \([0,2]\) is the limit of these rectangular sums: \(\int_0^2 x^2\,dx=8/3\).",1,1,0,0,False,,False,False
chapters/ch08-integral-accumulation.tex,,10,3049,fig:signed-area-linear,The integral counts area below the axis negatively and area above the axis positively.,1,1,0,0,False,,False,False
chapters/ch08-integral-accumulation.tex,,11,3192,fig:piecewise-velocity-signed-area,"The signed rectangle areas are \(2\), \(-2\), and \(3\). Their sum is the displacement.",1,1,0,0,False,,False,False
chapters/ch08-integral-accumulation.tex,,12,3514,fig:additivity-over-intervals,"Accumulation over \([a,b]\) is the sum of accumulation over \([a,c]\) and \([c,b]\).",1,1,0,0,False,,False,False
chapters/ch08-integral-accumulation.tex,,13,3879,fig:average-value-equal-area,The average value is the constant height that gives the same accumulated area.,2,2,0,2,False,,False,False
chapters/ch08-integral-accumulation.tex,,14,4071,fig:odd-function-cancellation,"For an odd function on a symmetric interval, the two signed areas cancel.",1,1,0,0,False,,False,False
chapters/ch08-integral-accumulation.tex,,15,4572,fig:monotone-upper-lower-sums,"For an increasing function, left endpoint rectangles give lower sums and right endpoint rectangles give upper sums. As the widths shrink, the two sums squeeze together.",2,2,0,2,False,,False,False
chapters/ch08-integral-accumulation.tex,,16,4707,fig:finite-jump-integrable,"A finite jump does not prevent integrability. The jump occurs at one point, and one point has no width.",1,1,0,0,False,,False,False
chapters/ch08-integral-accumulation.tex,,17,4834,fig:dirichlet-function-not-integrable,"This picture can only hint at the function \(D\). In every interval, the graph has points at height \(1\) and points at height \(0\).",1,1,0,0,False,,False,False
chapters/ch08-integral-accumulation.tex,,18,5252,fig:power-data-energy-project,Energy use is accumulated power. The area under the power graph has units of kilowatt-hours.,1,1,0,0,False,,False,False
chapters/ch08-integral-accumulation.tex,,19,5523,fig:accumulation-moving-endpoint-hook,"When the endpoint moves from \(x\) to \(x+h\), the accumulation changes by the area of a thin strip.",1,1,0,0,False,,False,False
chapters/ch09-fundamental-theorem.tex,,1,70,fig:area-moving-endpoint-line,"As the right endpoint \(x\) moves, the accumulated area \(A(x)\) changes.",1,1,0,0,False,,False,False
chapters/ch09-fundamental-theorem.tex,,2,248,fig:accumulation-change-strip,The change in an accumulation function is the thin strip from \(x\) to \(x+h\).,1,1,0,0,False,,False,False
chapters/ch09-fundamental-theorem.tex,,3,514,fig:ftc1-step-counterexample,A jump in \(f\) can produce a corner in the accumulation function \(A\).,2,2,0,2,False,,False,False
chapters/ch09-fundamental-theorem.tex,,4,615,fig:ftc1-squeeze-strip,Continuity squeezes the average height of a thin strip toward \(f(x)\).,1,1,0,0,False,,False,False
chapters/ch09-fundamental-theorem.tex,,5,1059,fig:ftc2-line-area,The integral of \(2x+3\) from \(1\) to \(4\) is the area of a trapezoid.,1,1,0,0,False,,False,False
chapters/ch09-fundamental-theorem.tex,,6,1635,fig:velocity-net-change-sign,Signed velocity gives displacement. Total distance requires adding the absolute changes.,1,1,0,0,False,,False,False
chapters/ch09-fundamental-theorem.tex,,7,1906,fig:antiderivative-family-shifts,Antiderivatives of the same function differ by vertical shifts. Their slopes at the same \(x\)-value are equal.,1,1,0,0,False,,False,False
chapters/ch09-fundamental-theorem.tex,,8,2623,fig:oriented-interval,The same interval with opposite orientations gives integrals with opposite signs.,1,0,0,0,False,,False,False
chapters/ch09-fundamental-theorem.tex,,9,2913,fig:substitution-stretching-scale,The substitution \(x=u^2\) stretches the measuring scale. Equal \(u\)-steps do not give equal \(x\)-steps.,1,0,0,0,False,,False,False
chapters/ch09-fundamental-theorem.tex,,10,3309,fig:warning-jump-accumulation,A jump discontinuity in \(f\) can produce a corner in the accumulation function \(A\).,2,2,0,2,False,,False,False
chapters/ch09-fundamental-theorem.tex,,11,3760,fig:signed-area-cancellation-line,The integral of \(x\) from \(-1\) to \(1\) is zero because positive and negative signed areas cancel.,1,1,0,0,False,,False,False
chapters/ch09-fundamental-theorem.tex,,12,3920,fig:chapter9-ftc-map,"The Fundamental Theorem connects rate, accumulation, antiderivative, and net change.",1,0,0,0,False,,False,False
chapters/ch09-fundamental-theorem.tex,,13,4779,fig:reconstruct-from-rate-data,"To reconstruct \(Q(t)\), accumulate the measured rate \(R(t)\).",1,1,0,0,False,,False,False
chapters/ch10-what-integrals-measure.tex,,1,161,fig:area-line-parabola,"A vertical strip has height \(2x-x^2\), so the area is \(\int_0^2(2x-x^2)\,dx\).",1,1,0,0,False,,False,False
chapters/ch10-what-integrals-measure.tex,,2,456,fig:right-minus-left-sideways-parabolas,"A horizontal strip has length \((2-y^2)-y^2\), so we integrate with respect to \(y\).",1,1,0,0,False,,False,False
chapters/ch10-what-integrals-measure.tex,,3,754,fig:volume-by-slicing-loaf,Volume by slicing: a differential slice of thickness \(\Delta x\) has volume approximately \(A(x)\Delta x\).,1,1,6,0,True,\addplot3; 3D axis view; z-axis limits; z-buffer; surface/mesh axis,False,False
chapters/ch10-what-integrals-measure.tex,,4,1011,fig:disk-method-sqrtx,Rotating the region under \(y=\sqrt{x}\) around the \(x\)-axis gives disk slices.,1,1,6,0,True,\addplot3; 3D axis view; z-axis limits; z-buffer; surface/mesh axis,False,False
chapters/ch10-what-integrals-measure.tex,,5,1439,fig:disk-method-y-axis,Rotating around the \(y\)-axis suggests horizontal slices and an integral in \(y\).,1,1,6,0,True,\addplot3; 3D axis view; z-axis limits; z-buffer; surface/mesh axis,False,False
chapters/ch10-what-integrals-measure.tex,,6,1868,fig:shell-parabola,A vertical strip rotated around the \(y\)-axis makes a cylindrical shell.,1,1,0,0,False,,True,False
chapters/ch10-what-integrals-measure.tex,,7,1960,fig:shell-1-over-x,"The shell height is \(1/x\), so \(x\cdot(1/x)=1\). The shell setup is especially simple.",1,1,0,0,False,,True,False
chapters/ch10-what-integrals-measure.tex,,8,2362,fig:rod-density-center-mass,"For \(\lambda(x)=2+x\) on \([0,4]\), more mass lies to the right, so the center of mass is right of the midpoint.",1,0,0,0,False,,False,False
chapters/ch10-what-integrals-measure.tex,,9,2923,fig:triangular-lamina-center-mass,A triangular lamina can be handled by vertical slices. Each slice contributes mass and moment.,1,0,0,0,False,,False,False
chapters/ch10-what-integrals-measure.tex,,10,3194,fig:work-force-area,Work is the accumulated area under a force-versus-position graph.,1,1,0,0,False,,False,False
chapters/ch10-what-integrals-measure.tex,,11,3325,fig:spring-hookes-law,"The farther the spring is stretched, the larger the force needed to hold it.",1,0,0,0,False,,False,False
chapters/ch10-what-integrals-measure.tex,,12,3498,fig:lifting-chain,A piece \(y\) units below the roof must be lifted \(y\) units.,1,0,0,0,False,,False,False
chapters/ch10-what-integrals-measure.tex,,13,3722,fig:pumping-rectangular-tank,"Each water slice has the same area, but the lower slices must be lifted farther.",1,0,0,0,False,,False,False
chapters/ch10-what-integrals-measure.tex,,14,4076,fig:hydrostatic-rectangular-plate,A horizontal strip has nearly constant pressure because its depth is nearly constant.,1,0,0,0,False,,False,False
chapters/ch10-what-integrals-measure.tex,,15,4214,fig:hydrostatic-triangle,"For the triangular plate, the strip width is a linear function of depth.",1,0,0,0,False,,False,False
chapters/ch10-what-integrals-measure.tex,,16,4481,fig:hydrostatic-circular-window,"For a symmetric vertical window, the centroid depth gives the total force quickly.",1,0,0,0,False,,False,False
chapters/ch10-what-integrals-measure.tex,,17,4742,fig:average-value-x-squared,The average value is the height of a rectangle with the same area as the region under the graph.,1,1,0,0,False,,False,False
chapters/ch10-what-integrals-measure.tex,,18,5122,fig:triangular-density,"For the density \(p(x)=2x\), probability is area under the density curve.",1,1,0,0,False,,False,False
chapters/ch10-what-integrals-measure.tex,,19,5353,fig:standard-normal-density,"For a normal density, probabilities are areas under the bell-shaped curve.",1,1,0,0,False,,False,False
chapters/ch10-what-integrals-measure.tex,,20,5528,fig:arc-length-polygonal,A smooth curve is approximated by short straight pieces. Each small length comes from the Pythagorean theorem.,1,1,0,0,False,,False,False
chapters/ch10-what-integrals-measure.tex,,21,5857,fig:surface-area-band,A small arc segment rotated around the \(x\)-axis sweeps out a thin band.,1,0,0,0,False,,False,False
chapters/ch10-what-integrals-measure.tex,,22,6061,fig:sphere-from-semicircle,Rotating the upper semicircle around the \(x\)-axis produces a sphere.,1,1,0,0,False,,False,False
chapters/ch10-what-integrals-measure.tex,,23,6132,fig:sine-arc-length,Even a simple curve can lead to a length integral with no elementary antiderivative.,1,1,0,0,False,,False,False
chapters/ch10-what-integrals-measure.tex,,24,6406,fig:one-region-several-questions,The same region can produce different integrals depending on what quantity is being measured.,1,1,0,0,False,,False,False
chapters/ch11-techniques-integration.tex,,1,1764,fig:trig-substitution-triangles,The three substitutions are right-triangle substitutions. The triangle helps us return to \(x\).,3,0,0,3,False,,False,False
chapters/ch11-techniques-integration.tex,,2,3973,fig:integration-decision-tree,A practical order of questions. The arrows are not laws; they are a way to begin thinking.,1,0,0,0,False,,False,False
chapters/ch11-techniques-integration.tex,,3,5248,fig:one-over-x-vs-one-over-x-squared,"Both curves approach \(0\), but the tail of \(1/x\) has infinite area while the tail of \(1/x^2\) has finite area.",2,2,0,2,False,,False,False
chapters/ch11-techniques-integration.tex,,4,5510,fig:infinite-discontinuity-comparison,A function may become infinite near an endpoint and still have finite area. The rate of blowup matters.,1,1,0,0,False,,False,False
chapters/ch11-techniques-integration.tex,,5,6542,fig:principal-value-one-over-x,"The positive and negative pieces of \(1/x\) cancel symmetrically, but each piece has infinite size.",1,1,0,0,False,,False,False
chapters/ch11-techniques-integration.tex,,6,6846,fig:trig-substitution-domain-branches,The expression \(\sqrt{x^2-4}\) has two real branches of the domain. A trigonometric substitution must respect the branch.,1,0,0,0,False,,False,False
chapters/ch11-techniques-integration.tex,,7,6944,fig:chapter-11-integration-map,"A practical order of questions for integration. The order is flexible, but the first step is always to read the integrand.",1,0,0,0,False,,False,False
chapters/ch12-numerical-integration.tex,,1,131,fig:gaussian-integral-piece,"The area \(\int_0^1 e^{-x^2}\,dx\) exists, even though the antiderivative is not elementary.",1,1,0,0,False,,False,False
chapters/ch12-numerical-integration.tex,,2,370,fig:midpoint-single-interval,The midpoint rule uses one rectangle whose height is taken at the midpoint.,1,1,0,0,False,,False,False
chapters/ch12-numerical-integration.tex,,3,469,fig:trapezoid-single-interval,The trapezoidal rule replaces the graph by the secant line over the interval.,1,1,0,0,False,,False,False
chapters/ch12-numerical-integration.tex,,4,576,fig:composite-midpoint-exp,The composite midpoint rule adds midpoint rectangles over smaller subintervals.,1,1,0,0,False,,False,False
chapters/ch12-numerical-integration.tex,,5,804,fig:trapezoid-concavity-error,"For concave-up graphs, trapezoids lie above the curve. For concave-down graphs, trapezoids lie below.",2,2,0,2,False,,False,False
chapters/ch12-numerical-integration.tex,,6,1188,fig:simpson-quadratic-through-three-points,Simpson's Rule replaces the graph on two subintervals by the parabola through three sample points.,1,1,0,0,False,,False,False
chapters/ch12-numerical-integration.tex,,7,2044,fig:finite-difference-secants,"Forward, backward, and centered differences approximate the tangent slope using nearby secant slopes.",1,1,0,0,False,,False,False
chapters/ch12-numerical-integration.tex,,8,2546,fig:centered-difference-absolute-value,"For \(f(x)=|x|\), the centered difference at \(0\) equals \(0\), but the derivative at \(0\) does not exist.",1,1,0,0,False,,False,False
chapters/ch12-numerical-integration.tex,,9,3056,fig:newton-double-root,"At a double root, the graph is tangent to the \(x\)-axis. Newton's method still moves toward the root, but much more slowly.",1,1,0,0,False,,False,False
chapters/ch12-numerical-integration.tex,,10,3256,fig:newton-map-x2-plus-1,Newton's method for \(x^2+1=0\) over the real numbers produces the iteration \(N(x)=\frac12(x-1/x)\). There is no real root to attract the iterates.,1,1,0,0,False,,False,False
chapters/ch12-numerical-integration.tex,,11,3493,fig:normal-density-probability,"For a probability density, area under the curve is probability.",1,1,0,0,False,,False,False
chapters/ch12-numerical-integration.tex,,12,3634,fig:smooth-vs-rough-integration,High-order numerical rules are most powerful when the function is smooth enough for their error theory.,2,2,0,2,False,,False,False
chapters/ch13-differential-equations.tex,,1,436,fig:initial-values-select-solutions,The equation \(y'=1-y\) gives a family of solution curves. An initial condition selects one curve.,1,1,0,0,False,,False,False
chapters/ch13-differential-equations.tex,,2,643,fig:direction-field-one-minus-y,A direction field draws the slope prescribed by \(y'=1-y\) at many points. Solution curves follow the field.,1,1,0,0,False,,False,False
chapters/ch13-differential-equations.tex,,3,894,fig:logistic-phase-line,"For \(y'=y(1-y)\), the arrows show whether solutions move up or down.",1,0,0,0,False,,False,False
chapters/ch13-differential-equations.tex,,4,1192,fig:euler-y-prime-one-minus-y,Euler's method follows the slope field by taking one tangent-line step at a time.,1,1,0,0,False,,False,False
chapters/ch13-differential-equations.tex,,5,2205,fig:cooling-separable,Newton's law of cooling gives exponential approach to the surrounding temperature.,1,1,0,0,False,,False,False
chapters/ch13-differential-equations.tex,,6,2875,fig:logistic-solutions-ch13,Logistic solutions move toward the carrying capacity. From below they rise toward \(K\); from above they fall toward \(K\).,1,1,0,0,False,,False,False
chapters/ch13-differential-equations.tex,,7,2987,fig:logistic-phase-line-ch13,The logistic phase line shows how the equation pushes solutions along the \(P\)-axis.,1,0,0,0,False,,False,False
chapters/ch13-differential-equations.tex,,8,3129,fig:threshold-phase-line,"In a threshold model, the population must start above \(A\) to move toward the carrying capacity \(K\).",1,0,0,0,False,,False,False
chapters/ch13-differential-equations.tex,,9,3331,fig:harvesting-growth-curve,A constant harvest is sustainable only if the harvest line meets the natural growth curve.,1,1,0,0,False,,False,False
chapters/ch13-differential-equations.tex,,10,4067,fig:linear-mixing-salt,"With a constant incoming concentration, the salt amount approaches an equilibrium.",1,1,0,0,False,,False,False
chapters/ch13-differential-equations.tex,,11,4671,fig:simple-harmonic-motion-cos,Simple harmonic motion oscillates around the equilibrium \(y=0\).,1,1,0,0,False,,False,False
chapters/ch13-differential-equations.tex,,12,5112,fig:damped-oscillation,Damping multiplies the oscillation by a decaying envelope.,1,1,0,0,False,,False,False
chapters/ch13-differential-equations.tex,,13,5307,fig:resonance-response,"In the undamped model \(y''+\omega^2y=A\cos(\gamma t)\), the response grows large as \(\gamma\) approaches \(\omega\).",1,1,0,0,False,,False,False
chapters/ch13-differential-equations.tex,,14,5660,fig:predator-prey-phase-plane,"A predator-prey system is read in the phase plane. The point \((R(t),W(t))\) moves according to the vector \((R',W')\).",1,1,0,0,False,,False,False
chapters/ch13-differential-equations.tex,,15,5917,fig:oscillator-phase-plane,The simple oscillator becomes a first-order system in the position-velocity plane.,1,1,0,0,False,,False,False
chapters/ch13-differential-equations.tex,,16,6139,fig:yprime-y-squared-lost-solution,The separated family \(y=1/(C-t)\) misses the equilibrium solution \(y=0\).,1,1,0,0,False,,False,False
chapters/ch13-differential-equations.tex,,17,6309,fig:euler-large-step-false-behavior,"With a large step, Euler's method can invent behavior opposite to the true solution.",1,1,0,0,False,,False,False
chapters/ch13-differential-equations.tex,,18,6509,fig:same-de-different-initial-conditions,The equation \(y'=1-y\) gives a family. The initial condition selects one solution.,1,1,0,0,False,,False,False
chapters/ch14-parametric-polar.tex,,1,102,fig:parametric-unit-circle,The parameter \(t\) tells how the point moves around the circle.,1,0,0,0,False,,False,False
chapters/ch14-parametric-polar.tex,,2,263,fig:parametric-line-segment,"The equations \(x=1+3t,\;y=-2+t\) trace a line segment with a direction.",1,1,0,0,False,,False,False
chapters/ch14-parametric-polar.tex,,3,323,fig:sideways-parabola-parametric,"The sideways parabola is easy to trace parametrically: \(x=t^2-1,\;y=t\).",1,1,0,0,False,,False,False
chapters/ch14-parametric-polar.tex,,4,855,fig:parametric-slope-sideways-parabola,"For \(x=t^2-1,\;y=t\), the slope is \(\dfrac{1}{2t}\) when \(t\neq0\).",1,1,0,0,False,,False,False
chapters/ch14-parametric-polar.tex,,5,1063,fig:circle-horizontal-vertical-tangents,"On the unit circle, \(y'=0\) gives horizontal tangents and \(x'=0\) gives vertical tangents.",1,0,0,0,False,,False,False
chapters/ch14-parametric-polar.tex,,6,1493,fig:parametric-projectile,"The equations \(x=80t,\;y=5+60t-16t^2\) give the path and the motion along it.",1,1,0,0,False,,False,False
chapters/ch14-parametric-polar.tex,,7,1779,fig:parametric-circle-length,"The circle is traced at constant speed \(R\), so its length is \(2\pi R\).",1,0,0,0,False,,False,False
chapters/ch14-parametric-polar.tex,,8,1998,fig:sphere-from-parametric-semicircle,The sphere is built from rotating small arc segments of the upper semicircle.,1,0,0,0,False,,False,False
chapters/ch14-parametric-polar.tex,,9,2247,fig:parametric-ellipse-area,The counterclockwise parametrization of an ellipse gives the area \(\pi ab\).,1,1,0,0,False,,False,False
chapters/ch14-parametric-polar.tex,,10,2343,fig:cycloid-one-arch,A point on a rolling wheel traces a cycloid. The picture is scaled by \(R\).,1,1,0,0,False,,False,False
chapters/ch14-parametric-polar.tex,,11,2603,fig:polar-coordinate-point,Polar coordinates describe a point by distance from the origin and angle from the positive \(x\)-axis.,1,0,0,0,False,,False,False
chapters/ch14-parametric-polar.tex,,12,3027,fig:circle-and-spiral-polar,A constant radius gives a circle. A radius growing with angle gives a spiral.,2,2,0,2,False,,False,False
chapters/ch14-parametric-polar.tex,,13,3150,fig:polar-circle-offset,The polar equation \(r=2\cos\theta\) is the circle \((x-1)^2+y^2=1\).,1,1,0,0,False,,False,False
chapters/ch14-parametric-polar.tex,,14,3227,fig:rose-cardioid-polar,Rose curves and limacons are simple in polar coordinates but awkward in Cartesian coordinates.,2,2,0,2,False,,False,False
chapters/ch14-parametric-polar.tex,,15,3338,fig:limacon-inner-loop,"When \(r=1+2\cos\theta\), negative values of \(r\) create an inner loop.",1,1,0,0,False,,False,False
chapters/ch14-parametric-polar.tex,,16,3506,fig:polar-spiral-slope,A polar graph is a parametric curve with \(\theta\) as the parameter.,1,1,0,0,False,,False,False
chapters/ch14-parametric-polar.tex,,17,3727,fig:polar-circle-slope,The polar slope formula gives a horizontal tangent at the top of the circle \(r=2\cos\theta\).,1,1,0,0,False,,False,False
chapters/ch14-parametric-polar.tex,,18,3911,fig:polar-sector-area,A small angular slice is approximately a sector of area \(\frac12r^2\Delta\theta\).,1,0,0,0,False,,False,False
chapters/ch14-parametric-polar.tex,,19,4058,fig:cardioid-area-polar,The cardioid area is found by accumulating small sectors.,1,1,0,0,False,,False,False
chapters/ch14-parametric-polar.tex,,20,4578,fig:polar-intersections-origin,"The two circles intersect at \((1,1)\) and at the origin. The origin is reached at different polar angles.",1,1,0,0,False,,False,False
chapters/ch14-parametric-polar.tex,,21,4794,fig:parabola-focus-directrix,A parabola is the set of points equidistant from a focus and a directrix.,1,1,0,0,False,,False,False
chapters/ch14-parametric-polar.tex,,22,5211,fig:ellipse-hyperbola-standard,Ellipses close up because \(0\le e<1\). Hyperbolas open because \(e>1\).,2,2,0,2,False,,False,False
chapters/ch14-parametric-polar.tex,,23,5501,fig:polar-parabola-conic,The polar equation \(r=\frac{4}{1+\cos\theta}\) is a parabola with focus at the pole.,1,1,0,0,False,,False,False
chapters/ch14-parametric-polar.tex,,24,5640,fig:eccentricity-polar-conics,"In polar form, changing \(e\) changes the conic type. The focus is at the pole.",3,3,0,3,False,,False,False
chapters/ch14-parametric-polar.tex,,25,5908,fig:ellipse-focus-at-pole,"In the polar form of an ellipse, the focus is placed at the pole. The center is not at the pole.",1,1,0,0,False,,False,False
chapters/ch14-parametric-polar.tex,,26,6370,fig:complex-number-as-point,"The complex number \(a+bi\) is the point \((a,b)\) in the plane.",1,0,0,0,False,,False,False
chapters/ch14-parametric-polar.tex,,27,6595,fig:multiply-by-i-rotation,Multiplication by \(i\) rotates the plane by \(90^\circ\) counterclockwise.,1,0,0,0,False,,False,False
chapters/ch14-parametric-polar.tex,,28,6830,fig:oscillation-complex-exponential,Sine and cosine are projections of circular motion. Euler's formula writes that motion as \(e^{i\omega t}\).,1,0,0,0,False,,False,False
chapters/ch14-parametric-polar.tex,,29,7090,fig:parametric-pause-smooth-parabola,"The parametrization \(x=t^3,\;y=t^6\) pauses at the origin, but the geometric curve is the smooth parabola \(y=x^2\).",1,1,0,0,False,,False,False
chapters/ch14-parametric-polar.tex,,30,7207,fig:polar-circle-traced-twice,Using \(0\le\theta\le2\pi\) for \(r=2\cos\theta\) traces the same circle twice.,1,1,0,0,False,,False,False
chapters/ch14-parametric-polar.tex,,31,7423,fig:three-zero-velocity-tangent-outcomes,"At \(t=0\), all three parametrizations have \(x'(0)=y'(0)=0\), but their tangents are different.",3,3,0,3,False,,False,False
chapters/ch14-parametric-polar.tex,,32,8125,fig:cycloid-animation-project,A cycloid animation should show the rolling circle and the point \(P(t)\) tracing the curve.,1,1,0,0,False,,False,False
chapters/ch15-sequences-series.tex,,1,164,fig:sequence-points-approach-one,The sequence \(c_n=1-\frac1n\) approaches \(1\) from below.,1,1,0,0,False,,False,False
chapters/ch15-sequences-series.tex,,2,941,fig:recursive-halfway-to-three,The recursion \(a_{n+1}=(a_n+3)/2\) moves halfway to \(3\) at each step.,1,1,0,0,False,,False,False
chapters/ch15-sequences-series.tex,,3,1176,fig:partial-sums-halves,The partial sums \(S_n=\frac12+\frac14+\cdots+\frac1{2^n}\) approach \(1\).,1,1,0,0,False,,False,False
chapters/ch15-sequences-series.tex,,4,2231,fig:harmonic-grouping-blocks,Grouping the harmonic series into doubled blocks shows that the partial sums keep gaining at least \(1/2\).,1,0,0,0,False,,False,False
chapters/ch15-sequences-series.tex,,5,2356,fig:integral-test-rectangles,"For a positive decreasing function, rectangle sums and improper integrals control each other.",1,1,0,0,False,,False,False
chapters/ch15-sequences-series.tex,,6,3378,fig:alternating-harmonic-partial-sums,The alternating harmonic partial sums bounce above and below their limiting value.,1,1,0,0,False,,False,False
chapters/ch15-sequences-series.tex,,7,5461,fig:riemann-rearrangement-idea,"The Riemann rearrangement idea: alternate above and below a target, with shrinking overshoots.",1,1,0,0,False,,False,False
chapters/ch16-power-series.tex,,1,319,fig:radius-of-convergence,A power series has a center \(a\) and a radius of convergence \(R\). Endpoint behavior is not decided by the radius alone.,1,0,0,0,False,,False,False
chapters/ch16-power-series.tex,,2,1238,fig:safe-interval-inside-radius,"Inside a smaller interval \([a-r,a+r]\), a power series is controlled uniformly by geometric bounds.",1,0,0,0,False,,False,False
chapters/ch16-power-series.tex,,3,1435,fig:geometric-partial-sums-function,"Partial sums of the geometric series approach \(\frac1{1-x}\) on \((-1,1)\).",1,1,0,0,False,,False,False
chapters/ch16-power-series.tex,,4,2341,fig:taylor-polynomials-exp,Taylor polynomials for \(e^x\) match more derivatives at the center \(0\).,1,1,0,0,False,,False,False
chapters/ch16-power-series.tex,,5,2973,fig:taylor-remainder-gap,The remainder is the vertical gap between the function and its Taylor polynomial at the chosen input.,1,1,0,0,False,,False,False
chapters/ch16-power-series.tex,,6,3987,fig:sin-taylor-polynomials,"Taylor polynomials for \(\sin x\) are best near the center \(0\), then improve outward as more terms are added.",1,1,0,0,False,,False,False
chapters/ch16-power-series.tex,,7,5182,fig:gaussian-taylor-approx,"On \([0,1]\), a Taylor polynomial gives a close approximation to \(e^{-x^2}\), and integrating the polynomial gives an approximation to the area.",1,1,0,0,False,,False,False
chapters/ch16-power-series.tex,,8,5798,fig:pointwise-xn,"The functions \(x^n\) converge pointwise on \([0,1]\), but the convergence is slow near \(x=1\).",1,1,0,0,False,,False,False
chapters/ch16-power-series.tex,,9,6498,fig:flat-function,"The function \(e^{-1/x^2}\), with \(f(0)=0\), is positive away from \(0\) but is infinitely flat at \(0\).",1,1,0,0,False,,False,False
chapters/ch16-power-series.tex,,10,6961,fig:local-series-radius-block,"The Maclaurin series for \(\frac1{1-x}\) has radius \(1\). It cannot pass the singularity at \(x=1\), even though the function is defined again at \(x=2\).",1,0,0,0,False,,False,False
chapters/ch16-power-series.tex,,11,7653,fig:euler-formula-hook,The Taylor series hint that \(e^{i\theta}\) traces the unit circle.,1,0,0,0,False,,False,False
chapters/ch17-complex-fourier.tex,,1,86,fig:complex-plane-3-plus-4i,"The complex number \(3+4i\) is drawn as the point \((3,4)\) in the complex plane.",1,0,0,0,False,,False,False
chapters/ch17-complex-fourier.tex,,2,313,fig:complex-polar-form,Polar form records a complex number by its length \(r\) and angle \(\theta\).,1,0,0,0,False,,False,False
chapters/ch17-complex-fourier.tex,,3,548,fig:multiply-by-i-rotation,Multiplication by \(i\) rotates a complex number counterclockwise by \(90^\circ\).,1,0,0,0,False,,False,False
chapters/ch17-complex-fourier.tex,,4,832,fig:fourth-roots-unity,The equation \(z^4=1\) has four solutions on the unit circle.,1,0,0,0,False,,False,False
chapters/ch17-complex-fourier.tex,,5,907,fig:eit-position-velocity,The position \(e^{it}\) lies on the unit circle. Its velocity \(ie^{it}\) is a quarter-turn of the position.,1,0,0,0,False,,False,False
chapters/ch17-complex-fourier.tex,,6,1148,fig:spring-mass-equation,A spring pulls back toward equilibrium. Newton's law turns this restoring force into a second-order equation.,1,0,0,0,False,,False,False
chapters/ch17-complex-fourier.tex,,7,1517,fig:spring-solution-amplitude-phase,The solution of \(y''+9y=0\) is periodic. Its amplitude is determined by the initial position and velocity.,1,1,0,0,False,,False,False
chapters/ch17-complex-fourier.tex,,8,1710,fig:phase-plane-energy-ellipse,"For an undamped oscillator, the phase point \((y,y')\) moves around a closed energy curve.",1,1,0,0,False,,False,False
chapters/ch17-complex-fourier.tex,,9,1884,fig:chapter17-damped-oscillation,"A lightly damped oscillator still oscillates, but its amplitude shrinks exponentially.",1,1,0,0,False,,False,False
chapters/ch17-complex-fourier.tex,,10,2009,fig:damped-forced-response,"With damping, resonance produces a large response near the natural frequency, but the amplitude remains finite.",1,1,0,0,False,,False,False
chapters/ch17-complex-fourier.tex,,11,2161,fig:fourier-wave-mixture,Adding a few sine and cosine waves already creates a more complicated periodic shape.,1,1,0,0,False,,False,False
chapters/ch17-complex-fourier.tex,,12,2262,fig:orthogonality-product-signed-area,"The product \(\sin t\sin(2t)\) has signed area zero over \([-\pi,\pi]\).",1,1,0,0,False,,False,False
chapters/ch17-complex-fourier.tex,,13,2568,fig:square-wave-fourier-partial-sums,"Fourier partial sums approximate a square wave by adding sine waves. Near each jump, ripples remain.",1,1,0,0,False,,False,False
chapters/ch17-complex-fourier.tex,,14,2785,fig:oriented-interval-boundary,The boundary of an oriented interval is its ending point minus its starting point.,1,0,0,0,False,,False,False
chapters/ch17-complex-fourier.tex,,15,2849,fig:boundary-cancellation,"Splitting an interval creates an artificial boundary at \(c\), but the two signs at \(c\) cancel.",1,0,0,0,False,,False,False
chapters/ch17-complex-fourier.tex,,16,3395,fig:density-flux-on-line,"In one dimension, an interval has two boundary points. Flux through those boundary points changes what is inside.",1,0,0,0,False,,False,False
chapters/ch17-complex-fourier.tex,,17,3834,fig:flux-derivative-divergence-1d,"When \(q\) increases with \(x\), the outgoing flux from a small interval exceeds the incoming flux.",1,1,0,0,False,,False,False
chapters/ch17-complex-fourier.tex,,18,4026,fig:path-variation,"To optimize a path, we compare it with nearby paths that keep the endpoints fixed.",1,1,0,0,False,,False,False
chapters/ch17-complex-fourier.tex,,19,4146,fig:brachistochrone-cycloid,The brachistochrone is not the shortest path. It is the path of shortest time.,1,0,0,0,False,,False,False
chapters/ch17-complex-fourier.tex,,20,4671,fig:final-project-map,"Calculus is one connected language: change, accumulation, approximation, models, and boundary terms.",1,0,0,0,False,,False,False
